Date,Open,High,Low,Close,Adj Close,Volume,Returns
16-10-2017,49.330002,49.645,48.009998,48.264999,46.96426,1696800,
17-10-2017,48.130001,48.334999,47.244999,47.299999,46.025269,1793200,-1.999373566
18-10-2017,48.060001,48.195,47.435001,47.634998,46.351238,1940000,0.708239207
19-10-2017,47.34,47.830002,46.884998,47.779999,46.492329,1066800,0.304395322
20-10-2017,47.91,48.169998,47.615002,48,46.706398,1119600,0.460439399
23-10-2017,48.150002,48.25,47.330002,47.330002,46.054459,1252000,-1.395823758
24-10-2017,47.724998,47.724998,47.25,47.360001,46.083649,1961200,0.063381485
25-10-2017,46.240002,46.740002,44.535,44.715,43.509933,3711800,-5.584878923
26-10-2017,46.259998,46.43,44.599998,45.095001,43.879692,2203600,0.849826636
27-10-2017,45.185001,46,45.185001,45.965,44.726242,2867200,1.929252375
30-10-2017,46.134998,46.415001,45.330002,45.34,44.118088,1846200,-1.359725237
31-10-2017,45.834999,46.494999,45.775002,46.150002,44.906258,1573800,1.786500811
01-11-2017,46.505001,47.220001,46.325001,46.650002,45.392788,1267000,1.083434741
02-11-2017,46.619999,47.59,46.400002,47.48,46.200413,1240600,1.779192325
03-11-2017,47.490002,47.560001,46.849998,47.105,45.835518,566400,-0.789808957
06-11-2017,47.080002,47.945,47.080002,47.735001,46.448544,748400,1.337447523
07-11-2017,47.490002,47.490002,46.93,47.314999,46.03986,1075200,-0.879863963
08-11-2017,47.66,48.060001,47.389999,47.794998,46.506927,1093600,1.014483971
09-11-2017,47.474998,47.990002,47.139999,47.334999,46.059322,738000,-0.962448024
10-11-2017,47.349998,47.650002,46.91,47.009998,45.743084,786400,-0.686588483
13-11-2017,46.650002,46.869999,46.209999,46.805,45.54361,692800,-0.436074664
14-11-2017,46.59,46.689999,46.205002,46.48,45.227364,844200,-0.694380617
15-11-2017,46.389999,47.099998,46.264999,46.959999,45.694435,977200,1.032717715
16-11-2017,47.474998,47.474998,46.700001,47.264999,45.991203,765600,0.649462019
17-11-2017,47.509998,48.665001,47.485001,48.5,47.192924,888000,2.612936652
20-11-2017,48.279999,48.310001,47.720001,48.259998,46.959393,1105200,-0.494843252
21-11-2017,48.575001,48.845001,48.27,48.34,47.037239,658000,0.165773012
22-11-2017,48.549999,49.095001,48.549999,48.959999,47.640526,901800,1.282573154
24-11-2017,49.145,49.290001,48.665001,49.215,47.888657,371600,0.520840177
27-11-2017,49.080002,49.174999,48.599998,48.889999,47.572414,771000,-0.660371411
28-11-2017,49,49.189999,48.669998,49.025002,47.703777,817400,0.276132718
29-11-2017,49.115002,49.404999,48.615002,48.924999,47.606468,621800,-0.203985944
30-11-2017,48.865002,49,48.115002,48.549999,47.241577,945000,-0.766473581
01-12-2017,48.455002,48.455002,47.52,48.005001,46.711266,1275800,-1.122551434
04-12-2017,48.16,48.200001,47.035,47.105,45.835518,1670800,-1.8748111
05-12-2017,47.48,47.490002,46.904999,47.095001,45.825787,694200,-0.021230261
06-12-2017,47,47.389999,46.345001,47.294998,46.020393,991800,0.424664829
07-12-2017,47.150002,47.720001,47.115002,47.5,46.219875,792600,0.433464356
08-12-2017,48.195,48.240002,47.57,47.799999,46.511791,531200,0.631581111
11-12-2017,47.650002,48.540001,47.400002,48.490002,47.183197,1417800,1.443517838
12-12-2017,47.669998,48.720001,47.18,48.705002,47.392406,2895600,0.443397254
13-12-2017,48.634998,48.634998,47.665001,48.07,46.774509,1190400,-1.30378905
14-12-2017,48.330002,49.195,48.330002,48.755001,47.441059,1227600,1.42502832
15-12-2017,49.150002,49.349998,48.884998,49.310001,47.981102,1172600,1.138345162
18-12-2017,49.255001,49.73,49.095001,49.259998,47.932442,694200,-0.101414928
19-12-2017,49.470001,50.240002,49.34,49.810001,48.467625,1091000,1.116536061
20-12-2017,49.959999,50.244999,49.540001,50.055,48.70602,1049200,0.491864415
21-12-2017,50.02,50.169998,49.695,50.07,48.720612,1216800,0.029959336
22-12-2017,50.25,50.630001,50.035,50.415001,49.05632,667400,0.689047174
26-12-2017,50.105,50.375,49.900002,50.264999,48.910362,476200,-0.29753149
27-12-2017,49.865002,50.145,49.68,50.139999,48.788723,1203600,-0.248697812
28-12-2017,50.490002,50.540001,50.084999,50.514999,49.153622,569800,0.747916686
29-12-2017,50.630001,50.990002,50.555,50.834999,49.464996,793800,0.63347112
02-01-2018,51.34,51.384998,50.759998,51.165001,49.786106,813400,0.64916613
03-01-2018,50.994999,50.994999,50.360001,50.669998,49.304443,1026000,-0.967464698
04-01-2018,50.900002,51.150002,50.525002,50.560001,49.197411,822200,-0.217083884
05-01-2018,50.75,50.91,50.154999,50.310001,48.954147,1897800,-0.494465044
08-01-2018,50.485001,50.639999,50.139999,50.235001,48.881168,871400,-0.149076237
09-01-2018,50.400002,51.055,50.365002,50.985001,49.610958,1639200,1.492988056
10-01-2018,50.799999,51.195,50.400002,50.509998,49.148754,833000,-0.931657075
11-01-2018,50.669998,50.764999,50.419998,50.674999,49.309307,860000,0.326667488
12-01-2018,50.619999,51.294998,50.474998,51.215,49.834755,868800,1.065616274
16-01-2018,51.75,52.294998,51.505001,51.865002,50.467236,1749200,1.269156435
17-01-2018,51.990002,52.57,51.709999,52.505001,51.089996,1911600,1.233988721
18-01-2018,52.689999,53.290001,52.400002,52.455002,51.04134,1359400,-0.095235866
19-01-2018,52.599998,53.740002,52.5,53.66,52.21386,1183200,2.297196743
22-01-2018,53.845001,54.205002,52.900002,53.02,51.591114,2590400,-1.192683322
23-01-2018,52.935001,53.73,52.580002,53.724998,52.277111,1233000,1.329680534
24-01-2018,54.134998,54.235001,53.075001,53.189999,51.756531,1104800,-0.995808663
25-01-2018,53.41,53.619999,53.014999,53.154999,51.722473,1654000,-0.065804256
26-01-2018,53.349998,54.619999,53.200001,54.5,53.031231,1111800,2.530346915
29-01-2018,54.599998,54.84,53.884998,54.235001,52.773369,1410600,-0.486245548
30-01-2018,54.055,54.424999,53.535,53.555,52.111694,844600,-1.253804736
31-01-2018,54.095001,55.384998,54.095001,54.294998,52.831745,1969200,1.381745525
01-02-2018,54.055,55.080002,53.935001,55.080002,53.595596,1386000,1.445818229
02-02-2018,53.200001,53.200001,51.529999,51.599998,50.209373,2174800,-6.318099345
05-02-2018,51.5,51.5,50.064999,50.145,48.793594,2253800,-2.819750408
06-02-2018,50,50.615002,49.549999,50.375,49.017395,3226000,0.458668816
07-02-2018,50.174999,50.855,49.525002,50.5,49.139023,1566400,0.248132321
08-02-2018,50.605,50.849998,48.75,48.764999,47.450783,1574000,-3.435640143
09-02-2018,49.220001,49.830002,48.134998,49.630001,48.292473,1381600,1.773816883
12-02-2018,50,51.119999,49.759998,50.720001,49.3531,1098400,2.196257375
13-02-2018,50.584999,50.904999,50.224998,50.68,49.314175,739600,-0.078870426
14-02-2018,50.599998,51.279999,50.125,51.110001,49.732586,1087000,0.8484599
15-02-2018,51.220001,51.220001,50.32,50.630001,49.265526,1135800,-0.939142799
16-02-2018,50.314999,50.615002,50,50.380001,49.022259,873200,-0.493787481
20-02-2018,49.959999,50.060001,49.369999,49.755001,48.414104,977400,-1.240569106
21-02-2018,49.66,49.674999,48.75,48.785,47.470245,1306200,-1.949553791
22-02-2018,48.919998,49.064999,48.415001,48.849998,47.533493,1213600,0.133237147
23-02-2018,49.369999,49.744999,48.965,49.669998,48.331394,1203000,1.678607966
26-02-2018,50.130001,50.575001,49.955002,50.040001,48.691422,1302800,0.744915406
27-02-2018,49.884998,49.900002,49.275002,49.279999,47.9519,803000,-1.518793187
28-02-2018,49.314999,49.465,48.584999,48.59,47.280502,852000,-1.400148899
01-03-2018,48.615002,49.044998,48.220001,48.84,47.523762,1208000,0.514503843
02-03-2018,48.355,49.314999,48.330002,49.209999,47.883789,930200,0.757572601
05-03-2018,48.965,48.965,48.220001,48.59,47.280502,1443600,-1.259898209
06-03-2018,48.555,48.825001,48.275002,48.674999,47.363205,1063800,0.174919886
07-03-2018,48.450001,48.450001,47.669998,47.75,46.463139,1957000,-1.900348593
08-03-2018,47.895,48.07,47.525002,47.785,46.497192,1917200,0.073290356
09-03-2018,48.154999,48.279999,47.845001,48.195,46.896145,1618000,0.858015254
12-03-2018,48.395,48.990002,48.23,48.724998,47.411861,788600,1.099698067
13-03-2018,48.794998,49.435001,48.794998,48.884998,47.567547,1444600,0.328369308
14-03-2018,49.064999,49.439999,48.669998,49.255001,47.927582,1276000,0.756892089
15-03-2018,49.490002,50.055,49.369999,49.924999,48.579521,1185200,1.360258483
16-03-2018,49.695,49.695,48.805,48.98,47.659985,1669000,-1.892846988
19-03-2018,48.75,48.919998,48.419998,48.825001,47.509167,1145400,-0.316445756
20-03-2018,48.775002,48.775002,48.279999,48.509998,47.202656,972000,-0.645161806
21-03-2018,48.715,49.18,48.715,48.794998,47.479973,906800,0.587502957
22-03-2018,48.764999,49.630001,48.415001,48.439999,47.134541,1842000,-0.727532006
23-03-2018,48.674999,48.990002,48,48.005001,46.711266,1155400,-0.898014473
26-03-2018,49.18,49.5,48.755001,48.889999,47.572414,1832600,1.843555257
27-03-2018,48.974998,49.240002,48.404999,48.5,47.192924,2094800,-0.797710202
28-03-2018,48.5,48.990002,48.294998,48.419998,47.115082,1782800,-0.164944219
29-03-2018,48.685001,49.715,48.654999,49.384998,48.054073,1266400,1.99297329
02-04-2018,50.07,50.415001,49.330002,49.369999,48.039482,1842600,-0.030363711
03-04-2018,49.580002,49.735001,49.110001,49.294998,47.966496,1786600,-0.151929199
04-04-2018,48.625,49.735001,48.424999,49.540001,48.204899,3186600,0.497019837
05-04-2018,50,50.525002,49.900002,50.310001,48.954147,2613000,1.554298454
06-04-2018,50.279999,50.564999,49.325001,49.355,48.024879,1356600,-1.898241634
09-04-2018,49.82,50.139999,49.275002,49.360001,48.029755,2625400,0.010153071
10-04-2018,49.584999,49.705002,48.794998,48.98,47.659985,2132200,-0.769876923
11-04-2018,48.880001,49.264999,48.66,49.099998,47.776756,1240200,0.24500847
12-04-2018,49.299999,49.645,48.985001,49.02,47.698914,1354800,-0.162928601
13-04-2018,49.349998,49.424999,48.529999,48.615002,47.304825,1785600,-0.8262012
16-04-2018,48.849998,48.965,48.665001,48.764999,47.450783,1950000,0.308547807
17-04-2018,49.060001,49.48,48.700001,49.41,48.0784,1629600,1.322669428
18-04-2018,49.400002,49.490002,48.91,49.139999,47.815674,1220400,-0.546453293
19-04-2018,49.195,49.255001,48.955002,49.150002,47.825409,1916000,0.020359433
20-04-2018,49.485001,49.57,48.439999,49.255001,47.927582,1547000,0.213637483
23-04-2018,49.07,49.330002,48.275002,48.470001,47.163731,1027400,-1.59376077
24-04-2018,48.775002,48.775002,47.43,47.900002,46.609093,1772600,-1.175984148
25-04-2018,47.68,47.68,46.735001,47.014999,45.747944,1353800,-1.847598708
26-04-2018,47.395,47.654999,47.130001,47.445,46.166355,900000,0.914600665
27-04-2018,47.564999,47.865002,47.450001,47.555,46.273396,1457800,0.231859327
30-04-2018,48,48.369999,47.599998,47.904999,46.613964,944000,0.735990935
01-05-2018,47.740002,48.075001,47.564999,47.985001,46.691807,849600,0.166995023
02-05-2018,48.375,48.82,48.205002,48.48,47.173466,1095200,1.031570699
03-05-2018,48.724998,49.02,48.435001,48.599998,47.29023,1006200,0.247520502
04-05-2018,48.48,48.599998,48.215,48.27,46.969124,1466200,-0.679011288
07-05-2018,48.200001,48.419998,48.200001,48.325001,47.022644,1632000,0.113947196
08-05-2018,48.235001,48.255001,47.279999,47.345001,46.069054,3088800,-2.027937859
09-05-2018,47.715,47.849998,47.384998,47.619999,46.336636,1869600,0.580828076
10-05-2018,47.919998,48.52,47.84,48.255001,46.954525,3654600,1.33347833
11-05-2018,48.755001,49.93,48.755001,49.764999,48.423832,2280400,3.129212786
14-05-2018,49.759998,50.360001,49.665001,49.974998,48.628174,2969800,0.42198643
15-05-2018,49.645,49.845001,49.16,49.744999,48.404369,2018000,-0.46023731
16-05-2018,49.599998,49.599998,49.209999,49.290001,47.961632,1112200,-0.914663302
17-05-2018,49.25,49.674999,48.91,48.959999,47.640526,1095400,-0.669505992
18-05-2018,48.84,49.215,48.705002,49.165001,47.840004,1326000,0.41871494
21-05-2018,48.904999,49,48.5,48.555,47.246445,1652600,-1.24071687
22-05-2018,48.599998,48.599998,47.895,48.029999,46.735592,1857000,-1.081251722
23-05-2018,47.630001,47.799999,47.055,47.794998,46.506927,1276400,-0.489273785
24-05-2018,47.724998,48.259998,47.724998,47.990002,46.696667,958400,0.407982235
25-05-2018,48.41,48.514999,47.860001,48.470001,47.163731,1131600,1.00020843
29-05-2018,48.560001,48.865002,48.115002,48.41,47.105347,2298800,-0.123790037
30-05-2018,48.985001,52.720001,48.924999,52.584999,51.167835,5050400,8.624260851
31-05-2018,52.5,53.32,51.325001,53.209999,51.77599,3893400,1.188549408
01-06-2018,52.689999,53.09,52.334999,52.869999,51.723648,2015400,-0.10109319
04-06-2018,51.494999,51.794998,51.064999,51.365002,50.251286,2051800,-2.846593496
05-06-2018,51.59,51.814999,51.18,51.59,50.471405,1051000,0.438036551
06-06-2018,51.724998,52.535,51.525002,52.474998,51.337219,696600,1.715454523
07-06-2018,52.395,52.5,51.865002,52.279999,51.146442,731800,-0.371615377
08-06-2018,51.834999,51.915001,50.884998,51.384998,50.270847,1112200,-1.711937264
11-06-2018,51.549999,51.91,51.375,51.825001,50.701313,596200,0.856293509
12-06-2018,51.825001,52.5,51.744999,52.325001,51.190468,1255000,0.964777776
13-06-2018,51.650002,51.845001,50.93,51.150002,50.040947,1628600,-2.245576266
14-06-2018,51.275002,51.445,50.674999,50.785,49.683857,1028800,-0.713595608
15-06-2018,50.759998,51.060001,50.5,50.98,49.87463,1086200,0.383973813
18-06-2018,50.700001,52.5,50.595001,52,50.872517,1631400,2.000790783
19-06-2018,51.509998,51.884998,50.945,51.720001,50.598587,741000,-0.538463627
20-06-2018,52.145,52.669998,51.615002,52.59,51.449722,1170400,1.682131954
21-06-2018,52.549999,52.77,52.255001,52.595001,51.454613,1046600,0.009506368
22-06-2018,52.950001,53.544998,52.900002,53.389999,52.232376,803600,1.511551549
25-06-2018,53,53.209999,52.285,52.830002,51.684521,987800,-1.048880105
26-06-2018,52.814999,53.035,52.450001,52.805,51.660061,795200,-0.047325581
27-06-2018,53.009998,53.445,52.555,52.584999,51.444832,1081000,-0.416625524
28-06-2018,52.555,52.935001,51.959999,52.82,51.674732,1051600,0.446886482
29-06-2018,52.884998,53.285,52.275002,52.509998,51.371456,1188000,-0.58689419
02-07-2018,52.009998,52.325001,51.654999,51.935001,50.808926,851800,-1.095024443
03-07-2018,51.950001,52.654999,51.935001,52.264999,51.131767,784800,0.635402134
05-07-2018,52.799999,53.110001,52.419998,53.035,51.885075,700800,1.473268076
06-07-2018,53.09,53.275002,52.790001,53.110001,51.95845,966800,0.141418317
09-07-2018,53.325001,53.720001,53.125,53.685001,52.520985,566200,1.082663166
10-07-2018,53.805,54.435001,53.57,54.375,53.196018,1402600,1.285263405
11-07-2018,54.16,54.834999,54.09,54.785,53.59713,1716400,0.754026363
12-07-2018,55,56.049999,54.865002,55.639999,54.43359,1404800,1.560643266
13-07-2018,55.505001,55.595001,55.134998,55.27,54.071613,587600,-0.664988291
16-07-2018,55.055,55.650002,54.689999,55.334999,54.135201,803200,0.117599599
17-07-2018,55.349998,55.700001,54.805,55.445,54.242821,756200,0.19879856
18-07-2018,55.445,55.605,55.145,55.490002,54.286846,555200,0.081162814
19-07-2018,55.27,55.459999,55.075001,55.084999,53.890625,806800,-0.729865574
20-07-2018,55.125,55.985001,55,55.724998,54.516747,1305000,1.161838446
23-07-2018,55.5,55.5,54.305,54.529999,53.347656,1254200,-2.144462141
24-07-2018,54.785,54.945,54.049999,54.365002,53.186237,923600,-0.302579367
25-07-2018,54.485001,54.735001,53.91,54.73,53.54332,1242600,0.671382335
26-07-2018,54.700001,55.119999,54.549999,54.619999,53.435703,949800,-0.200990525
27-07-2018,54.919998,55.035,54.634998,54.825001,53.636265,870000,0.375333323
30-07-2018,54.375,54.75,52.66,53.084999,51.933987,2347800,-3.173744481
31-07-2018,52,52.5,51.564999,51.669998,50.549667,6096200,-2.665537695
01-08-2018,52.005001,52.195,51.805,51.834999,50.71109,3502800,0.319335437
02-08-2018,51.615002,52.105,51.32,52.099998,50.970345,2025200,0.511239258
03-08-2018,52.005001,52.224998,51.889999,51.994999,50.867622,1296800,-0.201534834
06-08-2018,51.84,52.035,51.384998,51.575001,50.45673,1312000,-0.807767267
07-08-2018,51.84,52.174999,51.360001,51.91,50.784466,1580800,0.649538724
08-08-2018,52.029999,52.404999,51.945,52.32,51.185577,1203200,0.789830103
09-08-2018,52.115002,52.240002,51.845001,52.110001,50.980129,485200,-0.401378693
10-08-2018,50.924999,51.325001,50.205002,50.970001,49.864849,3413000,-2.187675908
13-08-2018,50.544998,50.805,50.095001,50.139999,49.052841,1914200,-1.628417645
14-08-2018,50.535,50.549999,49.904999,49.994999,48.910988,1584800,-0.289184066
15-08-2018,49.849998,49.950001,49.34,49.575001,48.500092,1850400,-0.840089348
16-08-2018,49.895,49.935001,49.459999,49.755001,48.676193,1446200,0.363094157
17-08-2018,49.720001,50.119999,49.705002,49.994999,48.910988,533200,0.482361059
20-08-2018,50.389999,50.720001,50.195,50.349998,49.258289,817600,0.710067439
21-08-2018,50.465,50.935001,50.455002,50.48,49.385468,1061400,0.258188018
22-08-2018,50.494999,50.615002,50.305,50.474998,49.380581,812800,-0.009895624
23-08-2018,50.035,50.310001,49.549999,49.584999,48.509876,1208200,-1.763253859
24-08-2018,49.900002,50.080002,49.639999,50.064999,48.979469,726400,0.96803587
27-08-2018,50.145,50.759998,50.105,50.705002,49.605591,860200,1.278335623
28-08-2018,50.805,50.845001,50.264999,50.544998,49.449062,461600,-0.315547092
29-08-2018,50.285,50.75,50.200001,50.709999,49.610485,1101400,0.326442997
30-08-2018,50.25,50.435001,50.049999,50.380001,49.28764,1016400,-0.650759613
31-08-2018,50.200001,50.724998,50.075001,50.634998,49.537109,919600,0.506149209
04-09-2018,49.849998,49.935001,49.349998,49.805,48.725105,1283600,-1.639183264
05-09-2018,49.450001,49.5,49.029999,49.195,48.128334,1165600,-1.224771091
06-09-2018,49.240002,49.34,49.029999,49.134998,48.069633,1393600,-0.121967654
07-09-2018,49.220001,49.355,48.994999,49.080002,48.015827,1150200,-0.111933453
10-09-2018,48.825001,49.040001,48.264999,48.41,47.360352,1560200,-1.365122796
11-09-2018,47.5,47.709999,46.985001,47.509998,46.479866,1560400,-1.859120473
12-09-2018,48,48,47.525002,47.700001,46.665749,1457400,0.399921549
13-09-2018,48.02,48.330002,47.875,48.220001,47.174477,698000,1.090152866
14-09-2018,48.349998,48.564999,48.224998,48.505001,47.453293,906200,0.59103146
17-09-2018,47.494999,47.615002,47.205002,47.244999,46.220612,953000,-2.597672199
18-09-2018,47.23,47.23,46.564999,46.639999,45.628731,1531400,-1.280556389
19-09-2018,46.59,47.049999,46.285,46.935001,45.917336,3236200,0.632507181
20-09-2018,47.264999,47.735001,47.185001,47.450001,46.421169,1972400,1.097260956
21-09-2018,46.950001,47.369999,46.584999,46.845001,45.829288,2087000,-1.275023901
24-09-2018,46,46.125,45.314999,45.695,44.704224,2770000,-2.454901765
25-09-2018,46.205002,46.34,45.849998,46.169998,45.168922,2060600,1.039494612
26-09-2018,46.294998,46.955002,46.244999,46.389999,45.384155,2075000,0.476506834
27-09-2018,46.43,46.994999,46.43,46.695,45.682537,1065400,0.657458534
28-09-2018,47.080002,47.404999,46.389999,47.049999,46.029839,2110400,0.760251122
01-10-2018,47.5,47.66,46.68,46.805,45.790157,1875400,-0.520710055
02-10-2018,46.82,46.82,46.255001,46.705002,45.692326,1546200,-0.21365072
03-10-2018,46.740002,46.904999,45.834999,45.955002,44.958588,1663200,-1.605823262
04-10-2018,45,45.349998,44.785,45.029999,44.053642,2393200,-2.012843464
05-10-2018,45.084999,45.134998,44.174999,44.264999,43.305229,1524600,-1.698867485
08-10-2018,44.145,44.564999,44.049999,44.43,43.466652,1296400,0.372756371
09-10-2018,44.195,44.439999,43.865002,43.919998,42.967705,1665200,-1.14788459
10-10-2018,44.400002,44.619999,43.255001,43.255001,42.317127,3084600,-1.51410926
11-10-2018,43.355,44.029999,42.715,43.084999,42.15081,2872600,-0.393025264
12-10-2018,44.32,44.84,44.215,44.744999,43.774818,2440600,3.852851226
15-10-2018,44.904999,45.465,44.639999,44.974998,43.999828,1378600,0.514016986
16-10-2018,45.169998,45.544998,45.165001,45.349998,44.366699,1142200,0.833800987
17-10-2018,44.945,44.945,43.73,44.07,43.114456,1800400,-2.822484044
18-10-2018,43.915001,44.075001,43.615002,43.689999,42.742691,1227200,-0.862274593
19-10-2018,44.27,44.470001,43.654999,43.775002,42.825851,1559800,0.19455958
22-10-2018,44.439999,44.865002,44.23,44.435001,43.471546,995000,1.50772252
23-10-2018,44.115002,45.990002,43.814999,45.84,44.846077,3143200,3.161909632
24-10-2018,45.665001,45.75,44.830002,44.889999,43.916679,1840000,-2.072417616
25-10-2018,44.970001,46,44.639999,45.855,44.860752,1780000,2.149691237
26-10-2018,45.23,45.84,44.994999,45.485001,44.498775,858000,-0.806890174
29-10-2018,44.724998,44.869999,43.720001,43.939999,42.987274,1862200,-3.396724966
30-10-2018,44.235001,44.369999,43.639999,43.91,42.957924,1168400,-0.06827602
31-10-2018,44.040001,44.810001,44.040001,44.455002,43.491108,2298800,1.241177297
01-11-2018,44.5,44.525002,44.130001,44.52,43.554703,2634200,0.146225293
02-11-2018,45.255001,46.029999,45.084999,45.625,44.635738,3089400,2.482016695
05-11-2018,45.689999,45.935001,45.035,45.360001,44.376484,1088800,-0.580821583
06-11-2018,45.060001,45.724998,45.025002,45.455002,44.469425,903800,0.209437503
07-11-2018,45.939999,46.294998,45.68,46.139999,45.139576,1027200,1.506992726
08-11-2018,46.110001,46.380001,45.91,46.080002,45.080879,1078400,-0.130034451
09-11-2018,45.755001,46.310001,45.529999,46.025002,45.027065,1416200,-0.119372118
12-11-2018,45.689999,45.689999,44.334999,44.82,43.848194,1708400,-2.618138668
13-11-2018,45.220001,46.110001,45.200001,46.07,45.071091,2082000,2.788933565
14-11-2018,46.77,47.209999,46.349998,46.744999,45.731457,1765200,1.465165332
15-11-2018,46.68,47.59,46.68,47.560001,46.528782,1140000,1.743493543
16-11-2018,47.490002,48.044998,47.139999,47.669998,46.636398,1110000,0.231289098
19-11-2018,47.695,48.189999,47.549999,48.014999,46.973919,1497400,0.723728706
20-11-2018,47.775002,48.18,47.380001,47.400002,46.372253,1652400,-1.280851189
21-11-2018,48.119999,48.5,47.77,48.130001,47.086426,1113200,1.540086914
23-11-2018,48.049999,48.294998,47.785,48.169998,47.125561,662000,0.083113125
26-11-2018,48.595001,48.75,48.384998,48.57,47.516888,1242600,0.830392237
27-11-2018,48.68,49.040001,48.555,48.619999,47.5658,1401000,0.102936034
28-11-2018,49.125,50.095001,49.084999,49.970001,48.886528,1640000,2.776633632
29-11-2018,50.564999,51.25,50.380001,50.875,49.771904,1892400,1.811083823
30-11-2018,50.830002,51.134998,50.634998,50.709999,49.610485,1542600,-0.324317511
03-12-2018,50.735001,50.735001,49.974998,50.09,49.003929,1613600,-1.222636707
04-12-2018,49.735001,49.959999,49.404999,49.645,48.568573,1810400,-0.888410397
06-12-2018,49.564999,51.005001,49.365002,50.93,49.825718,2806600,2.58839188
07-12-2018,50.334999,50.610001,49.974998,50.23,49.140892,1674000,-1.374442813
10-12-2018,48.965,48.970001,47.029999,47.639999,46.607052,3310800,-5.156275959
11-12-2018,48.355,48.5,47.529999,47.779999,46.744015,1810400,0.293867546
12-12-2018,48.950001,49.744999,48.849998,49.334999,48.265297,2669200,3.254495789
13-12-2018,49.544998,50.509998,49.5,50.380001,49.28764,2372200,2.118174058
14-12-2018,49.794998,50.439999,49.544998,50.220001,49.131111,1569800,-0.317582664
17-12-2018,50.595001,51.169998,50.349998,50.5,49.405037,1625800,0.557540822
18-12-2018,51.235001,51.544998,51.195,51.294998,50.1828,2247000,1.574258511
19-12-2018,51.325001,51.990002,51.099998,51.555,50.437164,2579200,0.506874865
20-12-2018,51.93,52.25,51.264999,51.400002,50.285522,1622600,-0.300655287
21-12-2018,51.055,51.084999,50.139999,50.200001,49.111542,1535000,-2.334628245
24-12-2018,50.09,50.549999,49.825001,50.099998,49.013706,635200,-0.199211827
26-12-2018,50.514999,51.264999,50.514999,50.994999,49.889301,1283000,1.786428882
27-12-2018,50.395,51.224998,50.380001,51.130001,50.021381,1601800,0.264746143
28-12-2018,51.200001,52.005001,51,51.57,50.451836,1037400,0.860542015
31-12-2018,51.794998,51.889999,51.005001,51.794998,50.671959,1112200,0.43630325
02-01-2019,51.384998,51.924999,51.384998,51.834999,50.71109,824400,0.07722417
03-01-2019,51.060001,51.285,50.794998,50.91,49.806149,948000,-1.784503153
04-01-2019,51.195,51.974998,51.139999,51.790001,50.667068,1104600,1.728539583
07-01-2019,51.540001,51.705002,51.185001,51.525002,50.407814,1117800,-0.511681473
08-01-2019,51.174999,52.049999,51.055,51.904999,50.779575,1693400,0.737506689
09-01-2019,51.855,51.915001,51.154999,51.450001,50.334442,1895400,-0.876598514
10-01-2019,51.360001,51.459999,51.005001,51.34,50.226822,797200,-0.21380986
11-01-2019,51.060001,51.474998,51.005001,51.32,50.207256,704800,-0.038955282
14-01-2019,50.93,50.93,50.404999,50.43,49.336555,1183200,-1.734213477
15-01-2019,50.709999,51.134998,50.669998,51.134998,50.026268,1132600,1.397975598
16-01-2019,51.02,51.555,50.740002,51.099998,49.992027,1254400,-0.068446041
17-01-2019,51.115002,51.535,51.055,51.435001,50.319767,1009800,0.65558454
18-01-2019,51.384998,51.709999,51.189999,51.674999,50.554562,1236000,0.466605897
22-01-2019,51.299999,51.599998,50.665001,50.959999,49.855064,1779200,-1.38364961
23-01-2019,50.849998,50.93,50.134998,50.185001,49.09687,1572600,-1.520796363
24-01-2019,50.220001,50.34,49.59,49.625,48.549011,3368000,-1.115873578
25-01-2019,49.924999,50.099998,49.505001,49.57,48.495205,1468800,-0.11082821
28-01-2019,49.505001,49.505001,48.974998,49.080002,48.015827,1351600,-0.988505977
29-01-2019,48.799999,48.900002,48.040001,48.25,47.203823,1693600,-1.691117389
30-01-2019,48.205002,48.205002,47.25,47.869999,46.832062,2743400,-0.787565448
31-01-2019,48.41,49.365002,48.275002,49.110001,48.045174,1864600,2.59034505
01-02-2019,49.080002,49.66,48.970001,49.529999,48.45607,1463200,0.855228456
04-02-2019,49.485001,49.595001,48.974998,49.529999,48.45607,1099200,0
05-02-2019,49.785,49.994999,49.509998,49.919998,48.837612,817600,0.78739774
06-02-2019,49.985001,50.285,49.764999,50.130001,49.04306,674600,0.420675769
07-02-2019,50.044998,50.384998,50.029999,50.294998,49.204483,1649000,0.329145449
08-02-2019,50.224998,50.525002,50.009998,50.145,49.057735,767800,-0.298241118
11-02-2019,50.535,51.049999,50.150002,50.275002,49.184921,1024200,0.259257791
12-02-2019,50.849998,51.040001,50.724998,50.994999,49.889301,1449000,1.432105584
13-02-2019,50.865002,50.865002,50.345001,50.695,49.59581,1376400,-0.58828445
14-02-2019,50.110001,50.369999,50.02,50.115002,49.028389,1405400,-1.1440906
15-02-2019,49.895,50.185001,49.494999,50.09,49.003929,1558400,-0.049889463
19-02-2019,49.619999,49.735001,49.029999,49.169998,48.103874,2082800,-1.836699665
20-02-2019,49.665001,49.950001,49.57,49.825001,48.744675,1705800,1.332119322
21-02-2019,49.834999,50.259998,49.715,50.040001,48.955009,879600,0.431501492
22-02-2019,49.895,50.325001,49.75,50.119999,49.033276,1178400,0.159875366
25-02-2019,50.27,51.209999,50.27,50.935001,49.830605,1121800,1.626097755
26-02-2019,50.349998,50.615002,50.080002,50.41,49.316986,970400,-1.03073001
27-02-2019,49.970001,50.235001,49.549999,50.169998,49.082188,845800,-0.476099655
28-02-2019,50.130001,50.810001,50.049999,50.560001,49.463741,1924600,0.777375695
01-03-2019,50.279999,50.485001,49.799999,50.220001,49.131111,1525000,-0.672472387
04-03-2019,50.025002,50.244999,49.775002,50.220001,49.131111,1175800,0
05-03-2019,50.580002,51.330002,50.580002,51.189999,50.080074,1227000,1.931491026
06-03-2019,51.154999,51.639999,50.810001,51.490002,50.373573,2458600,0.586059438
07-03-2019,51.709999,51.709999,51.285,51.375,50.261066,1037400,-0.223345285
08-03-2019,51.555,52.064999,51.555,51.990002,50.862732,1188600,1.197081654
11-03-2019,52.34,53.224998,52.34,53.125,51.973122,2327800,2.183111202
12-03-2019,53.465,54.115002,53.389999,53.955002,52.785126,1696600,1.56235371
13-03-2019,54.549999,55.43,54.5,55.220001,54.022697,1881200,2.344544939
14-03-2019,54.955002,55.259998,54.860001,55.224998,54.027588,1151400,0.009053602
15-03-2019,55.625,56.279999,55.625,55.990002,54.776005,1367400,1.385249699
18-03-2019,56.365002,56.945,56.279999,56.764999,55.534195,1180200,1.384164471
19-03-2019,56.849998,56.919998,56.189999,56.25,55.030365,1409800,-0.907242826
20-03-2019,56.950001,57.419998,56.834999,56.990002,55.754322,1547400,1.315559146
21-03-2019,56.805,57.174999,56.709999,56.919998,55.685837,906400,-0.122833527
22-03-2019,56.470001,56.630001,56.119999,56.16,54.942314,1094600,-1.335210244
25-03-2019,56.459999,56.669998,55.945,56.084999,54.868942,1583400,-0.133543702
26-03-2019,56.950001,57.580002,56.945,57.474998,56.228802,1209400,2.478378388
27-03-2019,57.125,57.139999,56.555,57.105,55.866825,1131600,-0.643757269
28-03-2019,56.955002,57.130001,56.779999,56.814999,55.583115,851000,-0.50783269
29-03-2019,57.200001,57.955002,57.064999,57.955002,56.698399,1749400,2.006515828
01-04-2019,58.080002,58.125,57.099998,57.650002,56.400009,984800,-0.526275883
02-04-2019,57.575001,58.044998,57.380001,57.794998,56.541862,1291000,0.251512371
03-04-2019,57.895,58.029999,57.57,57.66,56.40979,967600,-0.233582686
04-04-2019,57.395,57.419998,56.869999,57.049999,55.813019,1305800,-1.057920974
05-04-2019,57.424999,57.564999,57.075001,57.139999,55.90107,782000,0.157760683
08-04-2019,56.700001,57.134998,56.560001,57.125,55.886391,962200,-0.026258889
09-04-2019,56.645,57.220001,56.485001,57.029999,55.793449,1294000,-0.166305246
10-04-2019,56.314999,56.525002,55.900002,56.514999,55.289619,2023800,-0.903027164
11-04-2019,56.625,56.84,56.235001,56.459999,55.235809,834200,-0.097323876
12-04-2019,56.705002,56.744999,56.529999,56.715,55.485283,880400,0.451652659
15-04-2019,56.865002,57.139999,56.700001,57.07,55.832584,876600,0.625933547
16-04-2019,57.290001,57.82,57.220001,57.715,56.4636,643400,1.130193079
17-04-2019,57.939999,58.055,57.310001,57.720001,56.468487,1345400,0.008655134
18-04-2019,57.57,57.994999,57.445,57.959999,56.703289,1074000,0.41581068
22-04-2019,56.950001,57.685001,56.514999,57.549999,56.302174,1183800,-0.707392829
23-04-2019,57.064999,57.290001,56.525002,57.084999,55.847256,1322600,-0.807993666
24-04-2019,57.310001,58.115002,57.189999,58,56.742424,1554400,1.602886273
25-04-2019,57.455002,57.645,56.759998,57.419998,56.174995,1969400,-1.000008389
26-04-2019,57.560001,57.924999,57.375,57.595001,56.346203,1019400,0.304776173
29-04-2019,57.544998,57.785,56.985001,57.27,56.028248,907000,-0.564288245
30-04-2019,57.505001,57.799999,57.235001,57.325001,56.082062,1471000,0.096047979
01-05-2019,57.605,58.785,57.369999,58.099998,56.840252,1242800,1.351929606
02-05-2019,58.84,59.915001,58.66,59.639999,58.346859,1298600,2.650598734
03-05-2019,59.799999,60.32,59.580002,59.945,58.645248,1452200,0.511405421
06-05-2019,59.049999,59.355,58.610001,59.215,57.931076,928800,-1.217783238
07-05-2019,58.834999,59.040001,58.474998,58.68,57.407673,1513800,-0.903492626
08-05-2019,58.419998,58.419998,57.555,57.779999,56.527187,1414400,-1.533742711
09-05-2019,57.485001,58.07,57.125,57.950001,56.693504,1042000,0.294224795
10-05-2019,58.080002,58.775002,57.939999,58.560001,57.290279,925800,1.052633826
13-05-2019,57.724998,57.845001,57.16,57.73,56.478271,866400,-1.417357384
14-05-2019,58.150002,58.595001,57.59,58.084999,56.825577,897200,0.61493738
15-05-2019,57.93,58.134998,57.365002,57.445,56.199455,1099400,-1.101831311
16-05-2019,58,58.77,57.950001,58.509998,57.241356,1561800,1.853934349
17-05-2019,58.759998,59.154999,58.25,58.450001,57.182663,2165600,-0.102536006
20-05-2019,60.264999,62.275002,60.16,61.939999,60.596989,4291200,5.970911148
21-05-2019,61.384998,61.525002,60.605,61.5,60.166534,1864600,-0.710357077
22-05-2019,61.5,61.669998,61.224998,61.355,60.024673,1293600,-0.235780575
23-05-2019,59.849998,59.990002,59.5,59.700001,58.40556,2049200,-2.697412446
24-05-2019,60.450001,61.650002,60.419998,61.360001,60.029568,1505600,2.780570891
28-05-2019,61.369999,62.139999,61.369999,62.009998,60.66547,1750800,1.059314636
29-05-2019,61.779999,61.895,61.215,61.639999,60.303497,1199800,-0.596670561
30-05-2019,62.095001,62.360001,61.82,61.98,60.636127,900200,0.551593219
31-05-2019,61.5,62.095001,61.365002,62.080002,60.733955,902400,0.161336162
03-06-2019,62.5,63.654999,62.5,63.02,61.653576,1389800,1.514179342
04-06-2019,63.299999,63.634998,62.259998,63.630001,62.250347,2214000,0.967942233
05-06-2019,63.869999,64.400002,63.404999,64.014999,62.627003,1436600,0.605066507
06-06-2019,63.5,63.935001,62.939999,63.869999,62.485142,1608000,-0.226517306
07-06-2019,64.129997,64.595001,63.654999,64.375,62.979195,940200,0.790672765
10-06-2019,64.5,64.800003,64.055,64.315002,62.920494,1663800,-0.093206971
11-06-2019,64.419998,65.195,64.014999,65.080002,63.668911,1705400,1.189464596
12-06-2019,64.830002,64.855003,63.924999,64.144997,62.754177,1799800,-1.436704328
13-06-2019,64.410004,64.410004,63.5,63.724998,62.343288,936000,-0.654759603
14-06-2019,63.57,64.385002,63.535,64.150002,62.759075,824000,0.666931459
17-06-2019,64.019997,64.275002,63.445,63.525002,62.147625,1008400,-0.974281409
18-06-2019,63.855,64.125,63.299999,63.404999,62.030228,1204000,-0.188900219
19-06-2019,63.279999,63.435001,62.785,63.325001,62.269176,1234000,0.38521219
20-06-2019,63.755001,64.385002,63.700001,64.379997,63.30658,998800,1.665999242
21-06-2019,63.900002,63.900002,62.814999,63.404999,62.347839,1213600,-1.514441311
24-06-2019,63.450001,64.139999,63.365002,63.764999,62.701839,986800,0.567782309
25-06-2019,63.955002,64,63.400002,63.77,62.706753,1173600,0.007837091
26-06-2019,64.125,64.25,63.75,63.895,62.82967,1791800,0.196018761
27-06-2019,63.900002,64.470001,63.900002,64.385002,63.311504,895200,0.766889274
28-06-2019,64.580002,65.044998,64.230003,65.019997,63.935909,1489600,0.986242563
01-07-2019,65.425003,65.644997,64.790001,65.485001,64.393166,1234800,0.71518026
02-07-2019,65.589996,65.889999,65,65.650002,64.555412,904000,0.25196152
03-07-2019,65.449997,65.849998,65.339996,65.654999,64.560326,419800,0.007612065
05-07-2019,65.690002,65.870003,64.595001,64.894997,63.812996,1354600,-1.157568504
08-07-2019,63.825001,63.950001,63.09,63.099998,62.047928,1810800,-2.766000832
09-07-2019,62.849998,62.849998,62.025002,62.209999,61.172764,1925600,-1.410464504
10-07-2019,62.75,63.724998,62.544998,63.384998,62.328175,1949600,1.888767034
11-07-2019,63.474998,64.135002,63.285,64.025002,62.957504,1142600,1.009702273
12-07-2019,63.75,63.785,62.865002,62.974998,61.925007,996800,-1.639990366
15-07-2019,63.215,63.57,62.875,62.965,61.915176,1045800,-0.015875654
16-07-2019,63.084999,63.110001,62.564999,62.625,61.580845,896400,-0.539982314
17-07-2019,62.724998,62.98,62.43,62.959999,61.910259,793800,0.534929327
18-07-2019,63.07,63.674999,62.865002,63.540001,62.480591,1061000,0.921223735
19-07-2019,62.700001,62.755001,60.950001,61.68,60.6516,2090800,-2.927294654
22-07-2019,60.544998,60.744999,58.43,58.75,57.770454,3416000,-4.750321508
23-07-2019,58.305,58.580002,57.099998,57.654999,56.69371,4125400,-1.86383164
24-07-2019,57.974998,58.875,57.93,58.424999,57.450874,1899800,1.335534401
25-07-2019,58.689999,58.895,58.145,58.205002,57.234547,1420000,-0.376542574
26-07-2019,58.424999,58.424999,57.549999,57.580002,56.619965,1922600,-1.073795517
29-07-2019,57.605,57.665001,57.165001,57.5,56.541294,1262200,-0.138945688
30-07-2019,57.445,57.494999,56.825001,56.950001,56.000465,1593600,-0.95652038
31-07-2019,57.195,57.715,57.169998,57.490002,56.63987,2325200,1.141785162
01-08-2019,57.27,58.105,56.990002,57.290001,56.442825,1210800,-0.347890982
02-08-2019,56.790001,57.205002,56.77,56.91,56.068443,1317200,-0.663294227
05-08-2019,55.555,55.674999,54.564999,54.720001,53.910831,2229400,-3.848175345
06-08-2019,55.275002,56.09,55.275002,55.895,55.068459,1289600,2.147301347
07-08-2019,55.334999,56.029999,55.060001,55.459999,54.639889,2326400,-0.778249488
08-08-2019,56.685001,57.220001,56.23,56.294998,55.462536,2819600,1.505579559
09-08-2019,57,57.285,56.424999,56.435001,55.600468,1645200,0.248694001
12-08-2019,56.195,56.685001,56,56.490002,55.654659,801600,0.097465007
13-08-2019,55.535,55.700001,55.105,55.549999,54.728554,1605800,-1.664020617
14-08-2019,55.43,55.445,54.419998,54.549999,53.743343,1505600,-1.80017729
15-08-2019,54.599998,54.994999,54.490002,54.869999,54.058613,1037400,0.586621491
16-08-2019,55.009998,55.375,54.645,55.25,54.432991,1545000,0.692540891
19-08-2019,55.154999,55.375,54.439999,54.439999,53.634972,1030400,-1.466057597
20-08-2019,54.845001,54.93,54.459999,54.695,53.8862,1340800,0.46840334
21-08-2019,55,55,54.650002,54.674999,53.866497,1746000,-0.036564092
22-08-2019,53.959999,54,52.645,52.68,51.900997,2930400,-3.64883575
23-08-2019,53.380001,54.169998,52.869999,53.07,52.285229,4554000,0.740317185
26-08-2019,54.525002,54.59,53.380001,53.5,52.70887,4370400,0.81024987
27-08-2019,53.650002,54.279999,53.645,54,53.201477,2682800,0.93458084
28-08-2019,53.834999,53.834999,53.174999,53.470001,52.679317,1335800,-0.981476511
29-08-2019,53.305,53.654999,53.099998,53.470001,52.679317,1043000,0
30-08-2019,53.915001,54.235001,53.759998,53.900002,53.102959,1535000,0.804190381
03-09-2019,53.32,53.369999,52.474998,52.505001,51.728584,1516400,-2.588132612
04-09-2019,53.459999,53.459999,52.665001,52.669998,51.891144,3260400,0.314255654
05-09-2019,53.005001,53.18,51.470001,51.785,51.019234,4577800,-1.680267446
06-09-2019,51.994999,52.790001,51.994999,52.154999,51.383759,3264600,0.714485443
09-09-2019,52.174999,52.880001,52,52.165001,51.393612,1929200,0.01917532
10-09-2019,52.34,52.34,51.615002,51.865002,51.098049,1406800,-0.575096765
11-09-2019,52.240002,52.610001,52.025002,52.5,51.72366,2880400,1.224334416
12-09-2019,53.095001,53.16,52.325001,52.459999,51.684246,2781000,-0.076201104
13-09-2019,52.75,53.040001,52.375,52.485001,51.708878,1604600,0.047658623
16-09-2019,52.035,52.294998,51.689999,51.924999,51.157162,1402000,-1.066965715
17-09-2019,51.5,52.165001,51.275002,51.93,51.162086,992200,0.009625241
18-09-2019,51.5,51.869999,51.084999,51.455002,50.694111,1217600,-0.914691008
19-09-2019,51.255001,51.755001,51.025002,51.275002,50.516773,1427600,-0.349819726
20-09-2019,56.040001,56.490002,55.755001,56.09,55.260571,6198000,9.390540445
23-09-2019,58.5,59.240002,57.73,59.18,58.304878,4681600,5.509003879
24-09-2019,58.799999,59.285,57.845001,57.91,57.053658,3587200,-2.1459954
25-09-2019,57.5,57.52,56.715,57.505001,56.654652,4884200,-0.699352178
26-09-2019,58.740002,59.43,58.34,59.02,58.147243,2947000,2.634542703
27-09-2019,59.740002,59.75,57.790001,58.25,57.38863,2607800,-1.304641391
30-09-2019,57.810001,58,56.779999,57.049999,56.206375,2002800,-2.06008577
01-10-2019,57.43,57.529999,56.639999,57.419998,56.570904,1517300,0.648554546
02-10-2019,56.77,57,56.32,56.470001,55.634953,1754600,-1.65447418
03-10-2019,56.720001,57.639999,56.470001,57.619999,56.767948,1785700,2.036480556
04-10-2019,55.849998,56,54.66,55.220001,54.403439,2907600,-4.165218373
07-10-2019,54.93,55.84,54.849998,55.810001,54.984715,2183800,1.068454514
08-10-2019,55.639999,55.939999,55.549999,55.93,55.102936,2535600,0.215007025
09-10-2019,56.799999,57.189999,56.700001,56.779999,55.940369,1312100,1.519761125
10-10-2019,56.330002,56.43,55.740002,56.419998,55.58569,1713500,-0.634030498
11-10-2019,56.59,56.84,55.869999,56.040001,55.211311,1011500,-0.673516871
14-10-2019,55.84,55.98,55.360001,55.810001,54.984715,830200,-0.410415902
15-10-2019,56.209999,57.259998,55.779999,57.029999,56.186672,1673000,2.185983868
16-10-2019,56.919998,57.549999,56.540001,57.330002,56.482239,1655300,0.526044682
17-10-2019,57.529999,58.23,57.529999,57.700001,56.846764,1495100,0.645379869
18-10-2019,57.84,58.09,56.970001,57.07,56.226078,1143700,-1.091858105
21-10-2019,57.27,58.779999,57.130001,58.610001,57.743305,1195900,2.698440037
22-10-2019,58.919998,59.400002,58.650002,58.779999,57.910793,1551500,0.290056137
23-10-2019,58.900002,59.380001,58.82,59.369999,58.492069,1834000,1.00374381
24-10-2019,59.330002,59.950001,59.169998,59.93,59.043785,2076000,0.94323215
25-10-2019,59.669998,60.380001,59.380001,60.099998,59.211273,2172400,0.283667451
28-10-2019,60.490002,60.810001,60.049999,60.09,59.20142,1429000,-0.016640412
29-10-2019,60.16,60.970001,60.16,60.75,59.851662,1546800,1.098355411
30-10-2019,60.75,61.259998,60.48,61.23,60.324566,1533700,0.790126764
31-10-2019,60.810001,61.240002,60.669998,61.09,60.186634,2153700,-0.228649801
01-11-2019,61.700001,61.77,60.990002,61.57,60.659538,1558500,0.78572927
04-11-2019,61.57,61.82,61.060001,61.639999,60.7285,1164100,0.113686985
05-11-2019,61.75,61.950001,60.93,60.990002,60.088116,2050500,-1.05450324
06-11-2019,61.32,62.189999,60.860001,62.110001,61.191551,1077900,1.836361453
07-11-2019,62.799999,63.009998,62.169998,62.27,61.349182,936700,0.257602557
08-11-2019,62.130001,62.400002,61.740002,61.810001,60.895988,1119700,-0.738712376
11-11-2019,61.91,62.400002,61.810001,61.849998,60.935394,575000,0.064710339
12-11-2019,61.91,62.240002,61.540001,61.57,60.659538,1017500,-0.452702415
13-11-2019,61.299999,61.880001,61.07,61.5,60.590572,961600,-0.113693579
14-11-2019,61.5,62.200001,61.439999,62.09,61.171848,1328500,0.959350574
15-11-2019,62.299999,62.48,61.720001,61.959999,61.04377,903500,-0.20937409
18-11-2019,61.799999,61.880001,61.310001,61.389999,60.482197,1060800,-0.919951373
19-11-2019,61.509998,61.619999,61.119999,61.419998,60.511753,1244600,0.048867272
20-11-2019,61.240002,62.099998,61.240002,61.77,60.856579,1038300,0.569849629
21-11-2019,61.900002,62.009998,61.43,61.689999,60.77776,1701700,-0.129515989
22-11-2019,61.5,61.91,61.380001,61.610001,60.698944,780100,-0.129679014
25-11-2019,62,62.459999,61.959999,62.389999,61.467411,1671200,1.266030262
26-11-2019,62.110001,62.77,62.099998,62.73,61.802383,929700,0.544958694
27-11-2019,62.720001,63.470001,62.470001,63.389999,62.452621,1012400,1.052124479
29-11-2019,62.549999,62.549999,61.34,61.75,60.836876,938500,-2.587153228
02-12-2019,61.82,62,61.41,61.970001,61.053623,1095400,0.35627569
03-12-2019,61.369999,61.84,61.209999,61.610001,60.698944,890100,-0.580930308
04-12-2019,61.869999,62.599998,61.869999,62.380001,61.457558,1408400,1.24979769
05-12-2019,62.23,62.509998,61.799999,62.43,61.506817,1149200,0.080151248
06-12-2019,62.400002,62.41,61.560001,62.389999,61.467411,1232900,-0.064067695
09-12-2019,62.299999,62.450001,61.950001,62.299999,61.378742,957500,-0.144253676
10-12-2019,62.650002,63.220001,62.48,62.98,62.048687,1527000,1.091493534
11-12-2019,62.98,63.200001,62.549999,63.189999,62.255581,1209800,0.33343816
12-12-2019,63.779999,63.959999,63.32,63.439999,62.501881,980100,0.395627181
13-12-2019,63.709999,64,63.389999,63.450001,62.511734,1215000,0.015764326
16-12-2019,63.200001,63.439999,62.529999,63.259998,62.324543,1133700,-0.29944938
17-12-2019,63.889999,64.5,63.82,64.370003,63.418133,1918100,1.754669906
18-12-2019,65,65.379997,64.589996,64.75,63.792511,1371500,0.590332737
19-12-2019,64.589996,64.809998,64.120003,64.150002,63.201385,1031600,-0.926638552
20-12-2019,64.809998,64.839996,64.279999,64.400002,63.447685,971100,0.38970665
23-12-2019,64.410004,64.489998,63.639999,63.77,62.827003,994100,-0.978257914
24-12-2019,63.450001,63.849998,63.279999,63.779999,62.836857,475100,0.015684339
26-12-2019,62.990002,63.639999,62.93,63.299999,62.363953,703700,-0.752590156
27-12-2019,63.639999,63.689999,62.970001,63.110001,62.176762,733300,-0.300158972
30-12-2019,63.52,63.700001,62.790001,62.939999,62.009277,980200,-0.269369125
31-12-2019,62.82,63.400002,62.73,63.369999,62.432919,514300,0.683191323
02-01-2020,63.860001,64.190002,63.299999,63.700001,62.758038,1115700,0.520749318
03-01-2020,62.93,63.09,61.959999,62.009998,61.093029,1491700,-2.653060951
06-01-2020,61,61.310001,60.369999,60.91,60.009296,2323000,-1.773906152
07-01-2020,61.279999,61.470001,60.689999,60.689999,59.792549,1228400,-0.36118904
08-01-2020,60.709999,61.630001,60.700001,61.34,60.432934,1744100,1.071011373
09-01-2020,62.049999,62.540001,61.970001,62.52,61.595486,1456000,1.923706038
10-01-2020,62.709999,62.810001,61.880001,61.900002,60.984657,1222400,-0.991678189
13-01-2020,62.75,63.139999,62.450001,62.849998,61.920609,1726200,1.534733564
14-01-2020,62.849998,63.23,62.529999,62.810001,61.881199,1011200,-0.063646015
15-01-2020,62.919998,63.139999,62.150002,62.459999,61.536377,963200,-0.557232254
16-01-2020,62.810001,62.810001,61.59,61.639999,60.7285,1721300,-1.312844596
17-01-2020,61.700001,61.860001,61.349998,61.740002,60.827023,1156100,0.162235194
21-01-2020,60.950001,60.950001,58.970001,59.09,58.216209,2682400,-4.292194277
22-01-2020,59.59,59.970001,58.799999,58.900002,58.029018,2249300,-0.321544469
23-01-2020,59.080002,59.27,58.650002,58.740002,57.871387,1506600,-0.271641681
24-01-2020,59.349998,59.98,59.009998,59.23,58.354141,1549100,0.834184258
27-01-2020,58.32,58.369999,57.91,58.060001,57.201443,1081400,-1.975349102
28-01-2020,58.200001,58.43,57.470001,58,57.142326,1667500,-0.103348791
29-01-2020,58.540001,58.540001,57.82,58.110001,57.250702,2261100,0.189659763
30-01-2020,57.709999,57.84,57.200001,57.59,56.738388,1508800,-0.894860643
31-01-2020,57.34,57.610001,56.939999,57.279999,56.432976,2357000,-0.538281066
03-02-2020,57.209999,57.709999,57.07,57.560001,56.708836,1744000,0.488827667
04-02-2020,58.52,59.439999,58.509998,58.950001,58.078278,1770400,2.414865295
05-02-2020,59.779999,59.790001,58.68,58.98,58.107838,1759500,0.050896826
06-02-2020,59.380001,59.619999,59.130001,59.580002,58.698967,1032800,1.017296496
07-02-2020,59.220001,59.419998,58.73,58.759998,57.891087,948700,-1.376310421
10-02-2020,58.650002,59.220001,58.650002,58.849998,57.979755,632000,0.153163474
11-02-2020,59.459999,60.330002,59.23,59.540001,58.659554,1179800,1.172476496
12-02-2020,59.970001,60.139999,59.509998,59.810001,58.925564,706200,0.453481116
13-02-2020,59.650002,60.060001,59.200001,59.73,58.846745,1210500,-0.133760281
14-02-2020,58.950001,59,58.450001,58.740002,57.871387,1037900,-1.657454461
18-02-2020,58.169998,58.869999,57.84,58.75,57.881237,1357500,0.017020501
19-02-2020,58.970001,59.02,58.23,58.439999,57.575821,1230400,-0.527659766
20-02-2020,58.02,58.459999,57.599998,57.970001,57.112774,1612600,-0.80423864
21-02-2020,57.799999,58.07,57.18,57.52,56.669426,1186600,-0.77626767
24-02-2020,56.369999,57.040001,56.139999,56.59,55.753178,1864300,-1.616829505
25-02-2020,57.240002,57.41,55.700001,55.720001,54.896046,1952000,-1.537368865
26-02-2020,56.110001,56.759998,55.389999,55.43,54.610332,2549000,-0.520463714
27-02-2020,55.48,55.830002,54.82,54.990002,54.176842,3772200,-0.79378752
28-02-2020,54.029999,55.139999,53.360001,54.849998,54.038906,3037100,-0.254603249
02-03-2020,53.740002,54.720001,53.720001,54.650002,53.841869,2298000,-0.364620631
03-03-2020,54.580002,55.349998,53.27,53.720001,52.925621,3280000,-1.701738846
04-03-2020,53.049999,53.279999,52.669998,52.98,52.19656,3261200,-1.377519973
05-03-2020,52.720001,52.889999,51.330002,51.490002,50.728596,3500000,-2.812376908
06-03-2020,50.720001,51.610001,50.299999,51.400002,50.639927,5047600,-0.17479096
09-03-2020,49.310001,49.990002,48,49.189999,48.462601,3550100,-4.299623102
10-03-2020,50.279999,50.810001,48.959999,50.689999,49.940422,3282000,3.049405045
11-03-2020,49.799999,50.169998,48.16,48.389999,47.674435,2632500,-4.537380561
12-03-2020,44.790001,45.549999,43.450001,44.75,44.088261,3941500,-7.522216047
13-03-2020,49.099998,50.360001,46.34,47.669998,46.96508,3731200,6.525136022
16-03-2020,43,45.43,42.889999,43.139999,42.502068,3796000,-9.502830614
17-03-2020,43.52,46.950001,43.52,46.740002,46.048836,4635900,8.344930416
18-03-2020,40.950001,41.919998,38.529999,41.220001,40.610462,5996000,-11.81001405
19-03-2020,39.700001,40,35.07,36.34,35.802624,10068000,-11.83891481
20-03-2020,37,37.52,35.599998,35.779999,35.250904,7248100,-1.541004369
23-03-2020,32.669998,33,29.5,29.959999,29.516968,9778600,-16.26606796
24-03-2020,32.580002,35.27,31.389999,32.990002,32.502163,9652700,10.11348794
25-03-2020,34.880001,37.580002,34.529999,37,36.452866,4702000,12.15520026
26-03-2020,38.509998,41.580002,38.509998,41.220001,40.610462,5986900,11.40540225
27-03-2020,39.369999,40.66,37.07,39.310001,38.728706,5284400,-4.633672968
30-03-2020,37.959999,38.82,36.610001,38.759998,38.186836,3705800,-1.399143054
31-03-2020,39.099998,39.5,37.990002,38.459999,37.891273,3072500,-0.773991854
01-04-2020,36.540001,37.139999,35.59,36.060001,35.526764,2812600,-6.24024693
02-04-2020,36.060001,37.59,35.77,37.57,37.014435,3112700,4.18746554
03-04-2020,36.98,37.049999,33.860001,34.59,34.078499,3275400,-7.931867662
06-04-2020,36.630001,38.52,36.369999,36.950001,36.403603,4605100,6.822788762
07-04-2020,39.330002,39.450001,36.799999,37.02,36.472569,3567800,0.189448281
08-04-2020,38.209999,39.18,37.279999,38.84,38.265656,2623300,4.916261862
09-04-2020,39.599998,41.669998,39.509998,40.759998,40.157261,2493400,4.943349201
13-04-2020,40,40.360001,38.009998,39.650002,39.063679,2034200,-2.723248481
14-04-2020,41.25,41.509998,39.93,41,40.393715,1769000,3.404789395
15-04-2020,38.439999,39.150002,38.110001,38.59,38.019356,1994300,-5.87804068
16-04-2020,39.32,39.5,36.939999,37.700001,37.142513,3260600,-2.306306819
17-04-2020,40.84,41.34,38.720001,39.970001,39.378944,5134500,6.021216173
20-04-2020,40.810001,42.330002,40.549999,41.389999,40.777946,2871300,3.552665099
21-04-2020,39.650002,40.299999,38.439999,38.970001,38.393734,2718600,-5.846817297
22-04-2020,40.93,41.049999,39.950001,40.779999,40.176968,2550400,4.644596433
23-04-2020,41,41.84,40.669998,40.880001,40.27549,2234200,0.245220097
24-04-2020,40.720001,40.799999,39.700001,39.950001,39.359241,1757300,-2.274954321
27-04-2020,40.509998,40.740002,40.029999,40.59,39.98978,2211700,1.602010059
28-04-2020,41.779999,42.369999,40.810001,40.84,40.23608,2176900,0.615907364
29-04-2020,43.650002,44.919998,43.389999,44.91,44.245895,3336200,9.965719822
30-04-2020,44.849998,44.849998,42.669998,43.349998,42.708961,2094200,-3.473619417
01-05-2020,42.25,42.32,41.41,42.099998,41.477448,1402300,-2.883500257
04-05-2020,40.52,40.959999,39.849998,40.700001,40.098148,2038600,-3.325421564
05-05-2020,40.650002,41.66,40.619999,40.759998,40.157261,1290000,0.147420774
06-05-2020,41.57,41.689999,40.700001,40.740002,40.137558,1218300,-0.049064601
07-05-2020,40.759998,41.630001,40.169998,40.310001,39.713917,2188500,-1.055472782
08-05-2020,41.419998,41.669998,40.25,40.59,39.98978,2751800,0.694625514
11-05-2020,40.18,40.200001,38.490002,38.52,37.950386,4495800,-5.099787996
12-05-2020,39.59,41.75,38.450001,40.380001,39.782883,7410100,4.828664984
13-05-2020,40.619999,40.619999,37.919998,37.98,37.418373,6679400,-5.943536068
14-05-2020,37.360001,38.41,36.509998,37.59,37.034142,7302000,-1.026851167
15-05-2020,37.080002,37.310001,36.279999,36.439999,35.901146,5783000,-3.059328335
18-05-2020,36.709999,36.990002,36.439999,36.529999,35.989815,7124300,0.246980974
19-05-2020,36.75,36.830002,35.650002,35.869999,35.339573,3890000,-1.806738934
20-05-2020,36.73,37.959999,36.599998,37.77,37.211475,2594400,5.296900446
21-05-2020,37.580002,38.040001,37.200001,37.200001,36.649906,2601300,-1.509128569
22-05-2020,36.419998,36.73,36.25,36.720001,36.177006,1626000,-1.290317088
26-05-2020,37.889999,38.099998,37.439999,37.599998,37.043991,3692300,2.396508434
27-05-2020,39.759998,40.900002,39.279999,40.82,40.216377,5130100,8.56383428
28-05-2020,42.009998,42.009998,41.060001,41.099998,40.492233,5337400,0.685929516
29-05-2020,40.790001,41.990002,40.779999,41.830002,41.211441,2900000,1.776162851
01-06-2020,42.459999,43.209999,42.060001,42.509998,41.881382,2316300,1.625618963
02-06-2020,43.619999,44.68,43.5,44.599998,43.940475,3382800,4.916487713
03-06-2020,45.490002,46.150002,45.389999,46.09,45.408447,3884200,3.340819597
04-06-2020,45.720001,46.220001,44.98,45.380001,44.708946,3543600,-1.540464487
05-06-2020,47.639999,47.650002,46.639999,47.610001,46.905972,3363600,4.914063508
08-06-2020,46.810001,47,45.650002,45.830002,45.15229,2556100,-3.738717961
09-06-2020,44.66,44.68,43.700001,43.869999,43.221272,3040000,-4.276677883
10-06-2020,44.200001,44.380001,43.52,43.630001,42.984825,1824600,-0.547061641
11-06-2020,41.939999,42.18,40.610001,40.73,40.127708,4015700,-6.646803843
12-06-2020,42.700001,43.09,41.709999,42.330002,41.704048,2510600,3.928308091
15-06-2020,41.220001,42.23,40.790001,41.779999,41.162178,2270800,-1.29932231
16-06-2020,43,43.470001,42.48,42.720001,42.08828,1915800,2.249885805
17-06-2020,42.830002,43,42.540001,42.720001,42.08828,1523100,0
18-06-2020,43.509998,44.419998,43.400002,43.75,43.10305,1419500,2.411051248
19-06-2020,44.630001,45.080002,44.099998,44.689999,44.029148,2611700,2.148567213
22-06-2020,44.59,45.119999,44.360001,44.720001,44.058708,1751900,0.067137343
23-06-2020,45.509998,46.23,45.349998,45.43,44.758205,2453300,1.587647554
24-06-2020,44.799999,44.799999,43.650002,44.110001,43.457726,1616500,-2.905565583
25-06-2020,43.59,45.93,43.59,45.650002,44.974953,2481200,3.491271034
26-06-2020,45.349998,46,44.93,45.09,44.423233,2031000,-1.226727241
29-06-2020,45.66,45.849998,45.220001,45.619999,44.945396,2149200,1.175427732
30-06-2020,45.529999,45.630001,44.98,45.459999,44.787762,1625000,-0.350723353
01-07-2020,46.189999,48.209999,46.080002,47.93,47.221237,3796800,5.433348065
02-07-2020,48.48,48.720001,47.639999,47.759998,47.053749,1627800,-0.354687871
06-07-2020,49.060001,49.439999,48.639999,48.82,48.098076,1209300,2.219434205
07-07-2020,49,49.040001,47.790001,47.919998,47.21138,1679500,-1.843516568
08-07-2020,48.189999,48.689999,47.84,48.630001,47.910889,2009900,1.481653364
09-07-2020,48.630001,48.860001,48.009998,48.549999,47.832066,1378500,-0.164520011
10-07-2020,47.630001,48.419998,47.459999,48.389999,47.674435,1337600,-0.329550892
13-07-2020,47.540001,47.720001,46.740002,47.02,46.324696,2154300,-2.83115888
14-07-2020,45.830002,46.380001,45.619999,46.299999,45.615341,1714400,-1.531267469
15-07-2020,46.700001,47.41,46.599998,46.73,46.038982,1328300,0.928724834
16-07-2020,46.52,46.779999,46.240002,46.459999,45.772972,808100,-0.577792967
17-07-2020,47.610001,47.68,47.27,47.279999,46.580845,1230000,1.764956403
20-07-2020,49.16,51.82,48.970001,51.509998,50.748299,4134000,8.946711894
21-07-2020,51.470001,52.150002,51.439999,52.049999,51.280312,2112900,1.048336615
22-07-2020,50.610001,51.060001,49.889999,50.119999,49.378849,1695500,-3.70797861
23-07-2020,50.09,50.73,49.919998,50.150002,49.408413,1174500,0.059871788
24-07-2020,49.889999,50.259998,49.540001,50.25,49.506931,2584100,0.199395192
27-07-2020,48.459999,49.099998,48.360001,48.549999,47.832066,2870900,-3.383091955
28-07-2020,48.040001,48.709999,47.93,48.5,47.78281,1853800,-0.102976944
29-07-2020,47.759998,48.709999,47.759998,48.709999,47.9897,2929700,0.432979978
30-07-2020,47.07,47.77,47.07,47.529999,46.827148,2144300,-2.422503162
31-07-2020,46.799999,47.23,46.169998,46.75,46.058685,2879200,-1.641063
03-08-2020,45.709999,46.099998,45.400002,45.759998,45.083324,2728400,-2.117648387
04-08-2020,47.25,47.25,45.91,46.310001,45.625195,1729400,1.201932227
05-08-2020,46.450001,46.77,46.09,46.41,45.723713,1379000,0.21592894
06-08-2020,46.57,46.73,46.099998,46.310001,45.625195,1215200,-0.215463692
07-08-2020,46.48,46.529999,45.91,46.529999,45.841938,1407900,0.47505112
10-08-2020,47.099998,47.240002,45.959999,46.139999,45.457706,1374800,-0.838167008
11-08-2020,47.299999,47.77,47.040001,47.040001,46.344398,1599200,1.950586772
12-08-2020,47.709999,47.830002,46.77,47.150002,46.452774,1188000,0.233849191
13-08-2020,46.650002,47.470001,46.32,47.150002,46.452774,1337900,0
14-08-2020,46.18,47.049999,46.139999,46.669998,45.979866,1300500,-1.018040387
17-08-2020,46.200001,46.490002,45.560001,45.869999,45.191696,1472100,-1.714163325
18-08-2020,47,47.720001,46.91,47.57,46.866562,1856000,3.706136632
19-08-2020,47.099998,47.669998,47.049999,47.189999,46.492176,866700,-0.798833932
20-08-2020,46.779999,47.889999,46.689999,47.720001,47.014343,1030400,1.12312876
21-08-2020,48.299999,48.59,48.040001,48.400002,47.684292,824500,1.42498854
24-08-2020,49.970001,50.150002,49.419998,49.709999,48.974915,1736700,2.706599901
25-08-2020,50.009998,50.200001,49.52,50.09,49.349297,999700,0.764436243
26-08-2020,50.189999,50.25,49.439999,49.720001,48.984772,1050600,-0.738663005
27-08-2020,49.290001,49.639999,49.049999,49.41,48.679352,1864400,-0.623499891
28-08-2020,50.209999,51.27,50.139999,51.09,50.334507,1271400,3.400117159
31-08-2020,49.98,50.25,49.599998,49.599998,48.866539,1107200,-2.91642471
01-09-2020,50.75,51.41,50.509998,51.27,50.511848,1284600,3.366943994
02-09-2020,51.189999,51.919998,50.950001,51.759998,50.994602,1081400,0.955724289
03-09-2020,51.360001,51.650002,50.450001,50.889999,50.137466,1246200,-1.680836729
04-09-2020,50.889999,51.02,49.310001,50.099998,49.359146,1411300,-1.552372033
08-09-2020,49.560001,50.169998,49.330002,49.470001,48.738468,1590500,-1.257473134
09-09-2020,49.73,50.27,49.639999,49.849998,49.112843,914700,0.768130422
10-09-2020,49.68,50.080002,49.02,49.27,48.541424,1377000,-1.163481821
11-09-2020,49.290001,49.400002,48.75,49.330002,48.60054,1018500,0.121784643
14-09-2020,48.700001,49.110001,48.490002,48.82,48.098076,1028900,-1.033865056
15-09-2020,49.57,49.82,49.380001,49.490002,48.758171,1048700,1.372393773
16-09-2020,49.75,50.599998,49.709999,50.459999,49.713821,1114800,1.95997918
17-09-2020,49.849998,50.25,49.630001,50.23,49.487225,766300,-0.455800812
18-09-2020,48.919998,49.299999,48.709999,48.990002,48.265564,1139000,-2.468639129
21-09-2020,48.259998,48.259998,47.459999,48.09,47.378872,1330700,-1.83711103
22-09-2020,47.689999,48.369999,47.57,48.27,47.55621,1151700,0.374297641
23-09-2020,48.470001,48.669998,47.98,48.080002,47.369019,1159300,-0.393620518
24-09-2020,47.02,47.91,46.619999,47.639999,46.935524,981100,-0.915144559
25-09-2020,47.939999,48.66,47.529999,48.630001,47.910889,879100,2.078095474
28-09-2020,48.900002,49.290001,48.509998,48.540001,47.82222,1249600,-0.185070663
29-09-2020,48.779999,49.110001,48.41,48.959999,48.236004,1496300,0.865254687
30-09-2020,49.59,50.59,49.209999,49.959999,49.221218,1747300,2.04248677
01-10-2020,51.049999,51.98,51,51.779999,51.014301,1230400,3.642906602
02-10-2020,51.439999,52.18,51.080002,51.77,51.004456,988000,-0.01929851
05-10-2020,52.240002,52.889999,52.16,52.52,51.743362,1446500,1.448708717
06-10-2020,53.75,54.110001,53.25,53.290001,52.501976,1159200,1.466108832
07-10-2020,54.049999,54.400002,53.849998,53.950001,53.152218,960500,1.238509575
08-10-2020,54.889999,55.299999,54,54.849998,54.038906,1746900,1.668205078
09-10-2020,56.310001,56.68,56.080002,56.220001,55.388649,1253900,2.49772451
12-10-2020,55,55.990002,55,55.75,54.925598,878600,-0.83600342
13-10-2020,54.73,55.77,54.630001,55.709999,54.886192,1284700,-0.071744326
14-10-2020,56.099998,56.66,55.900002,56.41,55.575836,941200,1.256498174
15-10-2020,54.470001,55.48,54.349998,55.400002,54.580776,1335000,-1.790454398
16-10-2020,56.669998,56.709999,55.610001,56,55.171902,1158500,1.083029673
19-10-2020,56.75,57.959999,56.509998,57.400002,56.551201,2268300,2.500002628
20-10-2020,58.299999,59.419998,58.259998,58.900002,58.029018,2615000,2.613237162
21-10-2020,59.119999,59.84,58.77,59.779999,58.896004,1273600,1.494055957
22-10-2020,59.34,60.150002,59.200001,60.02,59.132458,1953100,0.401477153
23-10-2020,59.66,60.380001,59.66,60.360001,59.46743,1213900,0.566477382
26-10-2020,59.48,59.650002,59.290001,59.450001,58.570885,1528100,-1.507623585
27-10-2020,60.23,60.23,59.5,59.900002,59.014233,2241200,0.756942635
28-10-2020,58.849998,58.939999,58.189999,58.57,57.703896,3245700,-2.220374532
29-10-2020,57.669998,57.82,57.16,57.599998,56.748241,1834600,-1.656136009
30-10-2020,57.650002,57.650002,56.860001,57.439999,56.590607,1199900,-0.277777773
02-11-2020,57.970001,59.389999,57.919998,59.040001,58.16695,1994500,2.785520572
03-11-2020,60.040001,60.560001,59.599998,60.150002,59.260536,2018200,1.880081386
04-11-2020,60.580002,61.68,60.380001,61.439999,60.531456,1133500,2.144631294
05-11-2020,61.400002,62.419998,61.27,62.330002,61.408298,1194900,1.448572458
06-11-2020,63.099998,63.970001,62.299999,63.450001,62.511734,2086400,1.796884193
09-11-2020,66.889999,68.019997,66.589996,66.760002,65.772789,2081100,5.216708594
10-11-2020,66.660004,67.690002,66.5,67.32,66.324501,1694500,0.83881497
11-11-2020,66.760002,66.760002,65.860001,66.489998,65.506775,1538500,-1.232916928
12-11-2020,66.029999,66.68,64.93,66.599998,65.615158,1800600,0.165453115
13-11-2020,66.989998,67.980003,66.519997,67.919998,66.915634,1714600,1.981974958
16-11-2020,69.050003,69.25,68.510002,68.720001,67.703804,1025200,1.177856284
17-11-2020,68.949997,69.470001,68.389999,68.68,67.664398,1241200,-0.058203524
18-11-2020,69.290001,69.379997,67.040001,67.160004,66.166878,2072600,-2.213157945
19-11-2020,66.690002,66.849998,66.25,66.620003,65.634865,1373500,-0.804047306
20-11-2020,67.209999,67.379997,66.190002,66.5,65.516632,1381900,-0.180137492
23-11-2020,67.169998,67.339996,66.279999,66.610001,65.625008,871100,0.165417539
24-11-2020,68.720001,70,68.529999,69.589996,68.560936,1939800,4.473794502
25-11-2020,67.919998,68.699997,67.790001,68.209999,67.201347,1613000,-1.983037396
27-11-2020,69.379997,69.379997,67.660004,67.82,66.817108,1171600,-0.571772765
30-11-2020,67.669998,69.110001,67.349998,69,67.97966,1421400,1.739901703
01-12-2020,69.82,70.75,69.639999,70.230003,69.191475,1251100,1.782614094
02-12-2020,69.330002,69.940002,69.019997,69.730003,68.698868,1020200,-0.711947534
03-12-2020,68.5,68.610001,67.510002,68.029999,67.02401,1248700,-2.437970303
04-12-2020,68.849998,68.93,67.309998,67.5,66.501846,2099100,-0.779070068
07-12-2020,67.089996,67.629997,67.07,67.330002,66.334366,1765300,-0.251842633
08-12-2020,67.25,67.93,67.139999,67.379997,66.383621,963100,0.074252613
09-12-2020,68.790001,68.900002,66.68,67.449997,66.452583,1590000,0.103884059
10-12-2020,66.57,67.709999,65.849998,67.470001,66.47229,1397600,0.029655732
11-12-2020,67.18,68.139999,66.75,66.760002,65.772789,1938700,-1.052319696
14-12-2020,66.769997,67.809998,66.330002,66.599998,65.615158,1832400,-0.239659899
15-12-2020,67.459999,68.82,67.150002,68.790001,67.772774,1727800,3.288288965
16-12-2020,68.82,69.339996,68.230003,69.150002,68.127449,1450500,0.523329619
17-12-2020,70.25,70.949997,69.769997,70.349998,69.3097,1899400,1.735351928
18-12-2020,69,70.440002,68.830002,70.440002,69.398376,1700000,0.127941688
21-12-2020,67.889999,68.400002,67.379997,68.349998,67.339272,1666100,-2.967078077
22-12-2020,68.589996,68.779999,67.849998,68.419998,67.408241,720700,0.102420175
23-12-2020,68.870003,69.519997,68.800003,69.07,68.04863,546500,0.950015889
24-12-2020,70.029999,70.080002,69.160004,69.550003,68.521538,309700,0.694955945
28-12-2020,70.260002,70.610001,69.620003,70.599998,69.556007,775400,1.509699038
29-12-2020,71.07,71.400002,70.690002,70.720001,69.674232,677800,0.169970942
30-12-2020,71.279999,72.379997,71.25,72,70.935303,1109200,1.809953212
31-12-2020,72.440002,72.440002,71.760002,72.260002,71.19146,810700,0.361113563
04-01-2021,72.290001,72.290001,69.599998,70,68.964874,1236500,-3.127602665
05-01-2021,70.959999,71.68,70.790001,71.540001,70.482101,639000,2.199999669
06-01-2021,71.489998,72,70.580002,70.779999,69.733345,1311800,-1.062334961
07-01-2021,70.849998,72.279999,70.769997,71.959999,70.895897,1236300,1.6671393
08-01-2021,72.510002,72.910004,72.010002,72.910004,71.831856,831500,1.320187824
11-01-2021,72.5,73.360001,71.970001,73.220001,72.13726,1056000,0.425165125
12-01-2021,74.279999,74.900002,73.940002,74.809998,73.703743,1032800,2.171531051
13-01-2021,74.279999,75.68,73.589996,75.660004,74.541183,1458300,1.13622452
14-01-2021,75.639999,75.900002,75.129997,75.669998,74.551025,1052700,0.01320344
15-01-2021,75.559998,75.839996,74.470001,74.879997,73.772713,1722200,-1.04399906
19-01-2021,76.120003,76.120003,74.209999,74.910004,73.802277,2267400,0.040074438
20-01-2021,74.790001,75.290001,74.489998,75.199997,74.087982,847600,0.387122202
21-01-2021,74.669998,74.809998,73.150002,73.440002,72.354012,1393800,-2.34042007
22-01-2021,72.080002,74.260002,71.93,74.25,73.152031,1101000,1.102936766
25-01-2021,74.68,74.989998,73.449997,73.68,72.590454,1502500,-0.767684769
26-01-2021,73.110001,73.580002,72.550003,72.800003,71.723473,1694400,-1.194345747
27-01-2021,70.720001,70.93,68.790001,68.839996,67.822029,2304800,-5.439563698
28-01-2021,69.290001,72.080002,69.089996,72,70.935303,4507400,4.590358097
29-01-2021,71.379997,72.120003,70.669998,72.099998,71.033829,2553900,0.138895579
01-02-2021,75.809998,78.400002,75.75,78,76.846581,2514900,8.1830757
02-02-2021,81.400002,81.68,79,80.080002,78.895821,1967300,2.666663856
03-02-2021,79.93,81.209999,79.739998,80.25,79.063309,1644400,0.212290078
04-02-2021,80.25,80.25,79.169998,79.75,78.570702,1032000,-0.623053862
05-02-2021,80.349998,81.970001,80.029999,81.949997,80.738167,1125700,2.758617328
08-02-2021,81.580002,82.620003,81.580002,82.5,81.280037,1507300,0.671144788
09-02-2021,81.910004,82.209999,81.279999,81.470001,80.265266,939900,-1.248487375
10-02-2021,81.529999,81.830002,80.629997,80.75,79.555908,1389400,-0.883767083
11-02-2021,80.779999,81.220001,80.199997,81.010002,79.812073,1633400,0.321993685
12-02-2021,81.68,83.260002,81.459999,83.040001,81.81205,1043700,2.505857729
16-02-2021,84.699997,84.699997,82.580002,83.07,81.841606,1337600,0.036126707
17-02-2021,81.839996,81.870003,80.940002,81.809998,80.600235,1038200,-1.51679697
18-02-2021,80.849998,81.709999,80.839996,81.449997,80.24556,899200,-0.440042141
19-02-2021,80.82,83.07,80.82,82.709999,81.486923,1877300,1.54695537
22-02-2021,81.769997,81.82,79.980003,80.099998,78.915527,1260900,-3.155593444
23-02-2021,79.510002,80.43,78.400002,79.870003,78.688927,1297900,-0.287142478
24-02-2021,82.150002,83.129997,81.529999,82.5,81.280037,1824700,3.292852119
25-02-2021,82.790001,83.599998,81.779999,81.800003,80.590385,1630700,-0.848488787
26-02-2021,78.470001,79.519997,77.459999,79.139999,77.969719,1190300,-3.251834571
01-03-2021,80.93,82.339996,80.669998,82.139999,80.925362,1092900,3.790757538
02-03-2021,82.160004,83.330002,81.879997,82.800003,81.5756,1502300,0.803503357
03-03-2021,83.82,83.93,81.410004,82.510002,81.289886,1078100,-0.350244436
04-03-2021,82.160004,83.169998,80.050003,81.330002,80.127342,1763200,-1.430121331
05-03-2021,82.169998,82.470001,80.010002,82.279999,81.063286,1587900,1.168070694
08-03-2021,81.459999,82.370003,80.790001,81.190002,79.98941,1487000,-1.32473781
09-03-2021,81.870003,83.870003,81.870003,83.260002,82.028793,2220100,2.549566249
10-03-2021,82.43,83.790001,82.43,82.989998,81.762787,978600,-0.324283694
11-03-2021,83.660004,84,83.029999,83.75,82.511551,1163900,0.915776024
12-03-2021,82.370003,82.550003,80.660004,80.769997,79.575615,1168600,-3.55821211
15-03-2021,80.410004,80.860001,79.550003,80.82,79.624878,758600,0.061907156
16-03-2021,80.800003,83.059998,80.699997,82.330002,81.112549,1716000,1.868349487
17-03-2021,80.239998,80.279999,78.739998,79.699997,78.521439,1858100,-3.194462549
18-03-2021,79.5,79.5,77.519997,77.800003,76.649536,1393200,-2.383938736
19-03-2021,78.410004,79.029999,77.610001,77.800003,76.649536,2557000,0
22-03-2021,77.910004,78.849998,76.989998,78.300003,77.142143,1269500,0.642674471
23-03-2021,79.139999,80,78.519997,79.169998,77.999275,951500,1.111107323
24-03-2021,79,79.099998,77.809998,78.059998,76.905685,1330000,-1.402051493
25-03-2021,77.290001,78.379997,76.739998,78.199997,77.043617,1173200,0.179352151
26-03-2021,79.910004,80.839996,78,79.459999,78.284988,1163000,1.611257426
29-03-2021,78.379997,79.099998,78.150002,78.800003,77.63475,744000,-0.830603691
30-03-2021,80.080002,81.220001,79.910004,80.900002,79.70369,949400,2.664966397
31-03-2021,78.68,78.769997,76.910004,77.690002,76.541168,2762000,-3.967848916
01-04-2021,77.349998,78.139999,77.07,77.739998,76.590424,1711000,0.064352297
05-04-2021,76.669998,76.900002,75.410004,75.839996,74.718513,971300,-2.44405358
06-04-2021,76.029999,76.110001,75.150002,75.43,74.314583,1438600,-0.5406023
07-04-2021,75.389999,75.400002,74.160004,74.589996,73.487007,1108900,-1.113611847
08-04-2021,74.849998,75,73.75,74.279999,73.181587,1477400,-0.415610885
09-04-2021,73.989998,74.010002,72.389999,73.760002,72.669281,1643700,-0.700047677
12-04-2021,70.25,70.769997,68.809998,68.910004,67.890999,2905500,-6.575380868
13-04-2021,70.699997,70.870003,69.019997,69.209999,68.186562,2072800,0.435349316
14-04-2021,70.389999,70.82,69.940002,70.529999,69.487038,1733600,1.907232102
15-04-2021,71.809998,71.849998,71.080002,71.510002,70.452553,3244600,1.389489361
16-04-2021,71.910004,72.010002,71.360001,71.809998,70.748108,1407900,0.419509283
19-04-2021,70.709999,70.709999,68.120003,68.25,67.240753,2803200,-4.957524801
20-04-2021,68.279999,69.07,68,68.540001,67.526466,3160800,0.424910471
21-04-2021,68.199997,68.690002,67.730003,68.480003,67.467361,1480300,-0.087528644
22-04-2021,71,71,69.220001,69.269997,68.245667,1628300,1.15360374
23-04-2021,69.419998,69.769997,69.169998,69.43,68.403305,956100,0.230986093
26-04-2021,70.360001,71.160004,69.389999,71.120003,70.068321,1990900,2.434116305
27-04-2021,72.57,72.839996,71.449997,72.099998,71.033829,2227400,1.377952242
28-04-2021,72.760002,74.639999,72.199997,74.220001,73.122475,2736800,2.940353954
29-04-2021,74.419998,74.589996,72.190002,73.129997,72.048584,1481800,-1.4686196
30-04-2021,71.269997,71.540001,69.910004,70.279999,69.240738,1874700,-3.897156397
03-05-2021,70.699997,70.839996,69.260002,69.790001,68.757988,2043000,-0.697205163
04-05-2021,68.830002,69.269997,68.5,69.190002,68.166862,1265800,-0.859719746
05-05-2021,70.620003,70.629997,69.739998,69.839996,68.807243,1723700,0.939431538
06-05-2021,70.089996,70.68,69.720001,70.550003,69.506752,1470600,1.016621172
07-05-2021,70.839996,72.059998,70.57,71.389999,70.33432,1050500,1.190629653
10-05-2021,71.800003,72,69.5,69.5,68.472267,1493600,-2.647431581
11-05-2021,68.790001,69.470001,68.599998,69.199997,68.176704,1856700,-0.431653592
12-05-2021,68.900002,69.339996,68.360001,68.449997,67.43779,870800,-1.083821829
13-05-2021,68.82,69.860001,68.610001,69.510002,68.482132,800400,1.54860057
14-05-2021,70.019997,70.089996,68.779999,70.080002,69.043694,918800,0.820012438
17-05-2021,71.449997,71.879997,70.940002,71.650002,70.590485,1664800,2.24030742
18-05-2021,72.959999,74.589996,72.860001,73.989998,72.895874,1508500,3.265863664
19-05-2021,73.099998,73.809998,72.349998,73.550003,72.462387,1261100,-0.59466603
20-05-2021,73.160004,73.870003,72.830002,73.389999,72.304749,1153300,-0.217544586
21-05-2021,75.050003,76.769997,74.82,76.440002,75.309647,2010800,4.155879166
24-05-2021,76.07,77.169998,75.480003,75.519997,74.403252,1410700,-1.203557627
25-05-2021,74.599998,74.779999,73,73.010002,71.930374,2192400,-3.323615479
26-05-2021,73.639999,74.110001,73.199997,73.959999,72.866318,1049400,1.3011805
27-05-2021,74.389999,75.720001,74.129997,75.629997,74.51162,1057700,2.257973293
28-05-2021,75.959999,76.93,75.959999,76.529999,75.398315,1043500,1.190009021
01-06-2021,76.709999,76.830002,75.510002,76.029999,74.905708,846300,-0.653339534
02-06-2021,76.099998,76.940002,75.910004,76.419998,75.28994,989100,0.512954233
03-06-2021,76.599998,77.440002,76.400002,76.769997,75.634766,735300,0.457997443
04-06-2021,76.599998,76.860001,76.209999,76.839996,75.703728,361800,0.091177647
07-06-2021,76.57,77.07,76.559998,76.919998,75.782547,490700,0.104115084
08-06-2021,76.5,77,76.300003,76.949997,75.812096,890400,0.038991827
09-06-2021,76.650002,77.620003,76.459999,77.25,76.107666,1164600,0.389871822
10-06-2021,77.239998,77.449997,76.5,77.239998,76.097816,848400,-0.012942192
11-06-2021,77.419998,77.589996,76.93,77.459999,76.314568,679300,0.284833404
14-06-2021,76.529999,77.169998,76.400002,76.720001,75.585503,1080600,-0.955341842
15-06-2021,77.050003,77.480003,75.959999,77.339996,76.196335,1072900,0.808133803
16-06-2021,77.449997,77.449997,74.400002,74.779999,73.674194,1873800,-3.31005553
17-06-2021,75.230003,75.470001,74.480003,74.480003,73.378632,1386400,-0.401174392
18-06-2021,75.110001,75.32,74.339996,74.419998,73.319519,823100,-0.080558874
21-06-2021,75.019997,75.629997,74.309998,75.209999,74.097832,1027200,1.061535878
22-06-2021,74.879997,75.269997,74.480003,74.769997,73.664337,846700,-0.585030612
23-06-2021,75.18,75.43,74.080002,74.389999,73.289963,2219800,-0.508216072
24-06-2021,75,76.25,74.730003,74.730003,73.624939,1355300,0.457055764
25-06-2021,75.400002,75.779999,74.82,74.900002,73.792419,1492300,0.227477268
28-06-2021,75,75.330002,74.25,74.349998,73.508667,1432000,-0.384527305
29-06-2021,74.529999,74.959999,73.830002,73.870003,73.034103,1530900,-0.645589179
30-06-2021,73.75,73.75,73,73.120003,72.292587,1800500,-1.01530103
01-07-2021,73.25,73.830002,71.989998,72.32,71.50164,5005700,-1.094091432
02-07-2021,72.57,73.190002,72.260002,73.150002,72.32225,547300,1.147679969
06-07-2021,74.980003,74.980003,73.940002,74.440002,73.597656,2046000,1.763504316
07-07-2021,74.879997,74.980003,73.870003,74.220001,73.380142,1029000,-0.295544739
08-07-2021,73.139999,73.440002,72.5,73.330002,72.500214,1394700,-1.199136409
09-07-2021,73.099998,73.839996,72.639999,73.529999,72.697945,1624500,0.272731609
12-07-2021,72.93,73.269997,72.239998,73.25,72.42112,1242900,-0.38078793
13-07-2021,73.510002,73.940002,72.739998,73.099998,72.272812,974600,-0.204785565
14-07-2021,73.620003,74.139999,73.300003,74.019997,73.182396,739200,1.258542424
15-07-2021,74.330002,75.239998,74.18,74.989998,74.141426,835700,1.310465429
16-07-2021,74.970001,75.190002,74.5,74.589996,73.745949,658000,-0.533408947
19-07-2021,72.589996,72.629997,69.18,69.220001,68.436722,1973600,-7.199347316
20-07-2021,69.57,69.900002,68.5,69.339996,68.555359,1401100,0.173352838
21-07-2021,69.519997,70.419998,69.120003,70.269997,69.474831,841200,1.341210977
22-07-2021,70.800003,70.989998,69.379997,69.589996,68.802528,991800,-0.96769289
23-07-2021,70.059998,70.059998,69.370003,69.860001,69.069481,818600,0.387998825
26-07-2021,69.800003,70.400002,69.690002,70.370003,69.573708,967500,0.73002865
27-07-2021,70.099998,70.440002,69.230003,69.779999,68.990379,867600,-0.838433105
28-07-2021,69.379997,70.580002,69.099998,70.300003,69.504501,1090400,0.745208256
29-07-2021,70.599998,71.620003,70.480003,71.239998,70.433861,1167300,1.337122038
30-07-2021,71.150002,71.419998,70.480003,70.57,69.771439,626300,-0.940487985
02-08-2021,70.949997,71.370003,70.629997,70.739998,69.939514,751200,0.240893699
03-08-2021,71.720001,72.220001,70.779999,72.129997,71.313789,1437200,1.964947883
04-08-2021,72.43,73.639999,71.910004,73.43,72.599083,1898900,1.802307826
05-08-2021,73.910004,74.639999,73.470001,73.769997,72.935226,834600,0.463012735
06-08-2021,74.779999,75.870003,73.790001,73.959999,73.123077,848500,0.257558673
09-08-2021,74.459999,75.519997,74.209999,75.160004,74.309509,727600,1.622513779
10-08-2021,75.580002,75.699997,74.82,75.360001,74.50724,829000,0.266091114
11-08-2021,75.459999,75.589996,74.379997,75.019997,74.171082,767100,-0.451174946
12-08-2021,74.949997,75.279999,74.559998,75.099998,74.250183,706000,0.106646685
13-08-2021,76.260002,76.82,76.050003,76.589996,75.72332,1169800,1.984018006
16-08-2021,76.260002,76.400002,74.379997,75.230003,74.378716,1412200,-1.7756802
17-08-2021,74.650002,76.559998,74.57,76.449997,75.5849,1617500,1.621678976
18-08-2021,76.230003,76.510002,75.080002,75.099998,74.250183,1388300,-1.76585138
19-08-2021,74.690002,75.82,74.389999,75.389999,74.536896,1012000,0.386144503
20-08-2021,75.959999,76.790001,75.599998,76.739998,75.87162,1073800,1.790689003
23-08-2021,76.940002,78,76.879997,77.349998,76.474716,1868000,0.794890105
24-08-2021,78.690002,78.800003,77.25,77.790001,76.909744,1301200,0.568852063
25-08-2021,77.970001,78.57,77.540001,78.480003,77.591934,2176500,0.887000742
26-08-2021,78.230003,78.400002,77.199997,77.25,76.375854,909700,-1.56727631
27-08-2021,77.629997,78.330002,77.32,77.93,77.048157,1107200,0.880255951
30-08-2021,78.400002,78.900002,77.980003,78.160004,77.275558,1923600,0.295141388
31-08-2021,79.25,79.389999,78.169998,78.309998,77.423859,1653000,0.191911911
01-09-2021,78.849998,79.010002,78.32,78.849998,77.957748,2447400,0.689566507
02-09-2021,79.010002,79.169998,78.059998,78.25,77.36454,2639500,-0.76093527
03-09-2021,77.610001,78.129997,76.620003,76.639999,75.772758,1167600,-2.057508517
07-09-2021,76.75,77.75,76.440002,77.099998,76.227547,2156200,0.600201196
08-09-2021,77.199997,77.400002,76.440002,76.720001,75.851852,919400,-0.492859884
09-09-2021,77.010002,77.010002,75.800003,75.830002,74.971924,2257500,-1.160061326
10-09-2021,76.050003,76.330002,75.419998,75.449997,74.596222,721600,-0.501123594
13-09-2021,76.199997,76.709999,74.879997,75.199997,74.349045,2283400,-0.331353242
14-09-2021,75.339996,75.940002,73.970001,74.089996,73.25161,2378300,-1.476057964
15-09-2021,74.68,74.769997,73.120003,73.660004,72.826477,2122200,-0.580373592
16-09-2021,74.07,75,74.07,74.919998,74.07222,2857800,1.710563316
17-09-2021,75.160004,75.43,73.970001,74.199997,73.360359,1210600,-0.961036405
20-09-2021,72.639999,73.199997,72.099998,72.849998,72.025642,1690200,-1.81939813
21-09-2021,73.019997,73.029999,72.279999,72.550003,71.729042,1169600,-0.411797787
22-09-2021,72.120003,73.110001,72.120003,72.730003,71.907005,1189600,0.248104526
23-09-2021,73.739998,74.269997,73.559998,73.980003,73.14286,1886000,1.718685127
24-09-2021,74.82,75.019997,73.650002,73.650002,72.816589,1055800,-0.446073615
27-09-2021,74.410004,74.68,74.25,74.440002,73.597656,2736700,1.072649805
28-09-2021,73.900002,74.660004,71.800003,72.010002,71.195152,1510300,-3.264375702
29-09-2021,72.300003,73.510002,72.160004,73.239998,72.411224,2003100,1.708082595
30-09-2021,73.239998,73.800003,72.150002,73.089996,72.262924,1816800,-0.204802504
01-10-2021,73.089996,73.769997,72.510002,73.709999,72.875908,2368000,0.848269024
04-10-2021,73.330002,73.639999,72.040001,72.68,71.857567,824600,-1.397363035
05-10-2021,73,73.660004,72.82,73.260002,72.431007,1014600,0.798023123
06-10-2021,73.379997,73.389999,72.279999,73,72.173943,930600,-0.354908775
07-10-2021,73.260002,73.830002,73.019997,73.610001,72.777046,1298000,0.835624292
08-10-2021,73.449997,73.5,72.690002,72.699997,71.877335,690000,-1.236256553
11-10-2021,73.669998,73.699997,72.389999,72.599998,71.778473,2740600,-0.137542662
12-10-2021,72.57,74.099998,72.57,73.669998,72.836365,2713300,1.473829069
13-10-2021,74.410004,74.410004,73.510002,74.160004,73.320824,2273000,0.665133412
14-10-2021,75.900002,76.019997,75.279999,75.68,74.823616,2192600,2.049611445
15-10-2021,76.230003,76.419998,75.389999,75.760002,74.902718,2134100,0.105717959
18-10-2021,75.010002,76.349998,74.949997,76.300003,75.436607,2647700,0.712776538
19-10-2021,76.82,78.43,76.540001,78.400002,77.51284,2477100,2.752288421
20-10-2021,78.239998,78.379997,77.410004,77.57,76.69223,1166800,-1.058676214
21-10-2021,77.330002,77.970001,77.040001,77.699997,76.820755,883200,0.167585426
22-10-2021,78,78,77.139999,77.540001,76.662575,718700,-0.205907896
25-10-2021,77.610001,77.639999,76.629997,76.68,75.812302,2529200,-1.109110932
26-10-2021,76.910004,77.209999,75.690002,75.699997,74.843391,968400,-1.278039282
27-10-2021,75.449997,75.889999,74.459999,75.110001,74.260071,1050900,-0.779387455
28-10-2021,73.5,74.349998,72.900002,74.309998,73.469116,1588600,-1.065114791
29-10-2021,73.269997,73.82,71.610001,71.910004,71.096283,2204800,-3.229701307
01-11-2021,73.379997,73.980003,72.599998,72.849998,72.025642,1597600,1.307183668
02-11-2021,72.650002,73.010002,71.809998,72.059998,71.244583,1862000,-1.084417963
03-11-2021,72.059998,72.459999,71.120003,72.32,71.50164,1451800,0.360809186
04-11-2021,72.010002,72.440002,70.949997,71.160004,70.354767,1562700,-1.603981391
05-11-2021,71.330002,71.470001,70.919998,71.019997,70.216347,2084400,-0.19674573
08-11-2021,71.400002,72.050003,71.230003,71.980003,71.165489,2572400,1.351739361
09-11-2021,71.599998,72.269997,71.519997,72.110001,71.294014,1290100,0.180600178
10-11-2021,71.629997,71.699997,71.099998,71.419998,70.611824,1294500,-0.956868553
11-11-2021,71.440002,71.620003,71.059998,71.349998,70.542618,829000,-0.098009081
12-11-2021,71.260002,72.290001,71.120003,71.75,70.938087,1039700,0.560610041
15-11-2021,71.839996,72.339996,70.959999,70.980003,70.176804,670100,-1.073165393
16-11-2021,71.080002,71.080002,70.010002,70.389999,69.593475,1439400,-0.831227652
17-11-2021,70.07,70.459999,69.190002,70.43,69.633026,1320800,0.056831477
18-11-2021,70.239998,71.959999,70.209999,71.959999,71.145714,2224800,2.172371484
19-11-2021,71.480003,72.110001,71.410004,71.980003,71.165489,1475100,0.027795069
22-11-2021,70.860001,70.900002,68.080002,68.419998,67.645767,1686200,-4.945827043
23-11-2021,69.650002,70.540001,69.25,69.639999,68.851967,1928000,1.783112312
24-11-2021,69.620003,69.699997,68.669998,69.400002,68.614685,872300,-0.34462632
26-11-2021,67.239998,67.589996,66.510002,66.879997,66.123192,1173500,-3.631136687
29-11-2021,67.589996,68.300003,67.099998,67.150002,66.390144,2196900,0.403719167
30-11-2021,66.879997,67,65.339996,65.470001,64.729156,2027500,-2.501859312
01-12-2021,67.07,67.779999,66.150002,66.300003,65.549767,2740500,1.267761007
02-12-2021,67.260002,67.480003,66.57,67.160004,66.400032,1934100,1.297128943
03-12-2021,66.760002,67.699997,65.940002,66.269997,65.520096,1335100,-1.325204181
06-12-2021,66.099998,66.620003,65.739998,65.879997,65.134514,961400,-0.588494254
07-12-2021,66.980003,68.239998,66.709999,67.300003,66.538445,2002000,2.155433293
08-12-2021,67.730003,68.400002,67.220001,67.470001,66.70652,1846300,0.252598329
09-12-2021,66.639999,67.129997,65.669998,65.669998,64.926888,1512600,-2.667853157
10-12-2021,65.940002,66.139999,65.019997,65.339996,64.600624,1226600,-0.502509838
13-12-2021,65.360001,65.860001,65,65.099998,64.363335,2287000,-0.367316885
14-12-2021,64.849998,66.129997,64.580002,64.709999,63.977753,1193500,-0.599070884
15-12-2021,65.18,65.25,62.889999,64.18,63.453751,2425400,-0.81903783
16-12-2021,64.5,65.800003,64.5,65.129997,64.392998,1511600,1.480207214
17-12-2021,64.099998,64.239998,62.849998,63.389999,62.672688,1059400,-2.671579292
20-12-2021,62.07,62.220001,61.349998,61.970001,61.268761,1205600,-2.240093803
21-12-2021,62.669998,63.599998,62.560001,63.139999,62.425518,935400,1.888004557
22-12-2021,63.07,64.019997,62.759998,63.509998,62.791332,1162300,0.586000744
23-12-2021,63.23,63.740002,63.099998,63.25,62.534275,504800,-0.409382938
27-12-2021,63.580002,64.269997,63.25,64.010002,63.285675,599700,1.201581053
28-12-2021,64.18,64.660004,63.779999,64.139999,63.414204,675500,0.203093354
29-12-2021,63.790001,64,63.27,63.880001,63.157146,821600,-0.405363442
30-12-2021,64.610001,65.32,64.129997,64.709999,63.977753,1149500,1.29930982
31-12-2021,65.379997,65.580002,64.529999,65.07,64.333679,1080600,0.55632776
03-01-2022,67.059998,68.139999,65.980003,66.519997,65.767265,1540200,2.228360048
04-01-2022,67.440002,68.260002,66.660004,67.309998,66.548332,1145300,1.187622748
05-01-2022,68.910004,69.370003,67.230003,67.239998,66.479118,1083900,-0.104005612
06-01-2022,67.32,68.18,66.559998,68.099998,67.329391,1427000,1.279007643
07-01-2022,68.57,70.739998,68.080002,70.589996,69.791214,2502200,3.656386852
10-01-2022,70.610001,71.550003,69.470001,71.330002,70.522842,2712300,1.048309605
11-01-2022,71.349998,71.989998,70.830002,71.720001,70.908432,1643900,0.54675902
12-01-2022,71.169998,72.029999,71.010002,71.720001,70.908432,1350000,0
13-01-2022,70.650002,70.949997,69.989998,70.419998,69.623138,1162800,-1.812610946
14-01-2022,69.849998,72.199997,69.82,71.730003,70.91832,1583400,1.860275244
18-01-2022,70.800003,71.529999,70.169998,70.900002,70.09771,2303300,-1.157119909
19-01-2022,70.779999,71.110001,69.580002,70.150002,69.356194,1530900,-1.057831989
20-01-2022,70.07,71.239998,69.370003,69.580002,68.792648,1499400,-0.81253882
21-01-2022,70.620003,70.760002,68.650002,68.93,68.150002,1649500,-0.934178315
24-01-2022,66.639999,67.480003,65.169998,67.459999,66.696632,2558400,-2.132604486
25-01-2022,67.769997,67.870003,65.510002,67.339996,66.577988,1594800,-0.177886044
26-01-2022,68.129997,68.230003,65.290001,65.989998,65.243263,1479300,-2.004754184
27-01-2022,66.040001,66.040001,64.290001,64.779999,64.046959,2177200,-1.83360541
28-01-2022,64.699997,65.540001,64,65.459999,64.719269,1121600,1.049714164
31-01-2022,66.120003,68.800003,66.120003,68.629997,67.853394,1694400,4.842645859
01-02-2022,68.010002,68.720001,67.400002,68.68,67.902832,1461100,0.072860025
02-02-2022,70.160004,70.160004,68.910004,69.68,68.89151,1099000,1.456018801
03-02-2022,68.519997,69.43,68.25,68.720001,67.942375,1066400,-1.377724193
04-02-2022,68.769997,69.580002,68.139999,68.870003,68.090683,682300,0.21828498
07-02-2022,66.949997,67.809998,66.209999,67.379997,66.617538,1118900,-2.163504514
08-02-2022,66.889999,67.790001,66.760002,67.370003,66.607658,1945900,-0.014830929
09-02-2022,68.260002,69.870003,68.18,69.470001,68.683891,1662200,3.117108546
10-02-2022,68.93,69.580002,67.470001,67.57,66.805389,2326500,-2.734996478
11-02-2022,68,68.459999,65.980003,66.57,65.816704,1982500,-1.479947972
14-02-2022,65.510002,66.550003,65.510002,65.940002,65.19384,1300900,-0.94636158
15-02-2022,68.470001,69.120003,68.089996,68.330002,67.556793,1027500,3.624503481
16-02-2022,67.669998,67.989998,67.029999,67.519997,66.755951,959600,-1.185435194
17-02-2022,66.800003,67.239998,65.599998,65.959999,65.213608,1444900,-2.310420235
18-02-2022,66.709999,67.190002,66.080002,66.949997,66.192406,1255900,1.500910669
22-02-2022,66.5,68.199997,66.389999,67.269997,66.508781,1430100,0.477962684
23-02-2022,67.110001,67.360001,65.790001,66.019997,65.272926,818200,-1.858183207
24-02-2022,62.029999,65.040001,62.02,64.769997,64.037071,2131300,-1.893365405
25-02-2022,65.339996,66.839996,65.199997,66.519997,65.767265,983000,2.701863113
28-02-2022,64.43,64.809998,61.860001,62.169998,61.466492,3980000,-6.539382472
01-03-2022,61.990002,62.459999,60,60.369999,59.686863,3645900,-2.895283173
02-03-2022,60.060001,61.400002,58.889999,61.23,60.537132,3378300,1.424549653
03-03-2022,61.400002,61.810001,59.18,59.509998,58.836594,1432600,-2.809082531
04-03-2022,58.720001,58.830002,57.049999,57.240002,56.592285,5057100,-3.814478112
07-03-2022,55.669998,56.09,54.43,54.48,53.863514,4309100,-4.821807425
08-03-2022,55.169998,56.049999,54.25,55.25,54.624802,2954800,1.413364899
09-03-2022,57.66,59.689999,57.66,59.099998,58.431232,2926700,6.968318164
10-03-2022,57.869999,58.299999,57.240002,57.330002,56.681267,2795500,-2.994913747
11-03-2022,58.68,59.490002,56.790001,56.869999,56.226467,2528300,-0.802381499
14-03-2022,58.91,60.459999,58.279999,59.16,58.490555,2002700,4.026729974
15-03-2022,59.139999,60.290001,58.639999,60.110001,59.429806,2739100,1.605816529
16-03-2022,60.73,61.82,60.529999,61.639999,60.942493,1439400,2.545333902
17-03-2022,61.32,62.060001,60.439999,61.869999,61.169888,1406000,0.373130453
18-03-2022,61.169998,62.970001,61.029999,62.880001,62.168461,1843300,1.632458441
21-03-2022,62.66,63.169998,61.330002,61.849998,61.150116,2642600,-1.638041193
22-03-2022,62.900002,63.560001,62.389999,62.459999,61.753212,2526400,0.986254875
23-03-2022,61.299999,61.669998,60.389999,60.389999,59.706638,1640600,-3.314117491
24-03-2022,60.509998,60.82,59.970001,60.799999,60.111996,1364000,0.678916137
25-03-2022,60.57,60.91,60.049999,60.279999,59.597881,1281800,-0.855261901
28-03-2022,59.869999,60.580002,59.619999,60.27,59.587997,1323800,-0.016584482
29-03-2022,61.310001,62.279999,60.869999,61.82,61.120457,2398200,2.571759544
30-03-2022,61.5,62.040001,61.18,61.23,60.537132,1616900,-0.954385861
31-03-2022,61.450001,61.84,61.02,61.330002,60.636002,1947900,0.163321249
01-04-2022,62.950001,63.259998,62.209999,62.919998,62.208008,1986700,2.592529105
04-04-2022,68.989998,70.68,67.510002,67.669998,66.904259,4000200,7.549270827
05-04-2022,66.790001,67.040001,64.68,64.75,64.017303,2401400,-4.315055638
06-04-2022,63.099998,63.459999,62.57,62.889999,62.178349,1906000,-2.872588994
07-04-2022,62.150002,63.200001,62.09,62.650002,61.941067,1711900,-0.38161515
08-04-2022,62.98,63.599998,62.450001,63.119999,62.405743,2271300,0.7501905
11-04-2022,62.220001,62.509998,61.669998,62,61.29842,1780700,-1.774392783
12-04-2022,62.27,62.389999,60.349998,60.400002,59.716526,2167800,-2.580644004
13-04-2022,59.610001,60.470001,59.509998,59.799999,59.123314,1991100,-0.993379956
14-04-2022,59.48,59.849998,58.709999,58.91,58.243385,1437900,-1.488294448
18-04-2022,56.259998,56.709999,53.700001,54.25,53.636116,5170100,-7.910372998
19-04-2022,53.040001,54.709999,52.900002,54.57,53.952496,4049100,0.58986374
20-04-2022,55.310001,56.189999,54.709999,55.849998,55.21801,3258400,2.345607884
21-04-2022,56.529999,56.970001,55.150002,55.439999,54.812649,2828400,-0.734110121
22-04-2022,55.709999,56.560001,54.93,55.09,54.46661,4468500,-0.631312309
25-04-2022,55.110001,56.389999,55.099998,56.240002,55.6036,3833400,2.087499112
26-04-2022,55.75,56.599998,55.369999,55.57,54.941181,2823300,-1.191323943
27-04-2022,55.48,56.580002,55.299999,56.09,55.455296,1584900,0.935755276
28-04-2022,55.740002,56.549999,55.330002,56.259998,55.623371,3102500,0.303081964
29-04-2022,56.240002,56.389999,55.060001,55.209999,54.585251,1129500,-1.866337803
02-05-2022,55.630001,56.23,54.93,55.529999,54.90163,3118200,0.579605286
03-05-2022,55.650002,56.049999,55.27,55.889999,55.257557,1119700,0.648299513
04-05-2022,54.91,55.380001,53.349998,55.25,54.624802,2607000,-1.145101294
05-05-2022,54.279999,54.459999,53.060001,53.400002,52.795738,1875400,-3.348413052
06-05-2022,52.919998,52.93,51.110001,52.040001,51.451126,2961600,-2.546819215
09-05-2022,51.759998,51.810001,50.610001,50.700001,50.126289,2514800,-2.574942675
10-05-2022,52.07,54.040001,52.009998,53.73,53.122002,4559800,5.976331102
11-05-2022,53.360001,54.259998,52.880001,53.349998,53.349998,2640700,0.429193162
12-05-2022,52.09,53.099998,51.549999,52.799999,52.799999,2428500,-1.030925999
13-05-2022,51.889999,53.310001,51.889999,53.119999,53.119999,2264200,0.606060618
16-05-2022,53.049999,53.509998,52.830002,53,53,1069000,-0.225901736
17-05-2022,54.09,54.740002,53.860001,54.439999,54.439999,3180600,2.716979245
18-05-2022,53.75,54.09,52.720001,52.900002,52.900002,2417200,-2.828796893
19-05-2022,52.66,53.41,52,52.639999,52.639999,1898700,-0.491499036
20-05-2022,53.580002,53.810001,52.869999,53.799999,53.799999,1204400,2.203647458
23-05-2022,53.119999,53.939999,52.919998,53.639999,53.639999,1218100,-0.297397775
24-05-2022,53.66,54.34,53.549999,54.25,54.25,2221600,1.137212922
25-05-2022,54.349998,56.77,54.290001,56.349998,56.349998,6138800,3.870964055
26-05-2022,56.41,57.279999,56.220001,56.880001,56.880001,1758100,0.94055549
27-05-2022,57.290001,59.110001,57.290001,58.939999,58.939999,2346200,3.621656054
31-05-2022,57.689999,58.360001,56.82,57.57,57.57,2238300,-2.324396035
01-06-2022,58.150002,58.650002,57.669998,58.310001,58.310001,1344100,1.285393434
02-06-2022,58.02,58.98,57.830002,58.91,58.91,4479000,1.028981289
03-06-2022,58,58.540001,57.549999,58.34,58.34,2501000,-0.967577661
06-06-2022,58.82,58.84,57.939999,58.310001,58.310001,1576600,-0.05142098
07-06-2022,57.349998,58.43,57.349998,58.43,58.43,1640900,0.205794886
08-06-2022,58.169998,58.860001,57.970001,58.68,58.68,1822800,0.427862399
09-06-2022,58.16,58.689999,57.48,58,58,2219700,-1.158827539
10-06-2022,56.549999,57,54.869999,55.369999,55.369999,2581300,-4.534484483
13-06-2022,54.09,54.389999,52.32,52.650002,52.650002,2190000,-4.912402111
14-06-2022,52.93,53.369999,52.34,52.689999,52.689999,2104400,0.075967708
15-06-2022,53.07,53.369999,51.73,52.84,52.84,2095600,0.284685904
16-06-2022,51.360001,51.790001,51.040001,51.290001,51.290001,1217100,-2.933381908
17-06-2022,52.110001,53.669998,51.790001,53.48,53.48,2351200,4.269836142
21-06-2022,54.23,56.02,54.23,55.98,55.98,2520300,4.674644727
22-06-2022,54.720001,56.41,54.509998,55.650002,55.650002,2385200,-0.589492676
23-06-2022,55.810001,56.700001,55.439999,56.57,56.57,1768600,1.653185924
24-06-2022,57.25,57.849998,57.09,57.810001,57.810001,1737700,2.191976313
27-06-2022,57.599998,57.889999,56.669998,56.84,56.84,1975000,-1.677912097
28-06-2022,56.610001,56.669998,55.029999,55.16,55.16,1070500,-2.955665025
29-06-2022,55.419998,55.689999,54.529999,55.560001,55.560001,1449800,0.725164975
30-06-2022,54.880001,55.330002,54.209999,54.959999,54.959999,1608900,-1.079917187
01-07-2022,54.689999,55.650002,53.650002,55.509998,55.509998,1418200,1.000726001
05-07-2022,54.669998,55.84,54.240002,55.810001,55.810001,1719900,0.540448587
06-07-2022,56.310001,57.41,55.779999,57.130001,57.130001,1115200,2.36516749
07-07-2022,57.66,59.799999,57.41,59.470001,59.470001,2217200,4.095921511
08-07-2022,57.869999,59.84,57.869999,59.759998,59.759998,1888500,0.487635775
11-07-2022,58.889999,59.450001,58.59,59.299999,59.299999,2009000,-0.769744002
12-07-2022,58.419998,59.099998,58.310001,58.669998,58.669998,1839600,-1.062396308
13-07-2022,57.52,57.610001,56.93,57.25,57.25,1242700,-2.420313701
14-07-2022,56.419998,57.389999,56.419998,57.02,57.02,1190400,-0.401746725
15-07-2022,57.580002,58.23,56.799999,58,58,1315800,1.718695195
18-07-2022,57.18,58,56.009998,56.360001,56.360001,2338900,-2.827584483
19-07-2022,56.919998,58.189999,56.830002,57.18,57.18,2325000,1.454930776
20-07-2022,57.34,57.77,56.490002,57.599998,57.599998,1338000,0.734519063
21-07-2022,57.93,58.77,57.549999,58.27,58.27,911400,1.163197957
22-07-2022,58.450001,58.959999,58.16,58.610001,58.610001,877700,0.583492363
25-07-2022,59,59.709999,58.599998,59.150002,59.150002,1286000,0.921346171
26-07-2022,58.779999,59.490002,58.470001,58.610001,58.610001,984200,-0.91293488
27-07-2022,59.189999,60.279999,58.869999,59.950001,59.950001,1274000,2.286299227
28-07-2022,60.389999,62.25,60.259998,62.080002,62.080002,1716400,3.552962409
29-07-2022,62.169998,63.110001,62.040001,62.799999,62.799999,1553600,1.159788945
01-08-2022,62.27,63.700001,62.27,63.080002,63.080002,1430300,0.445864657
02-08-2022,62.650002,63.27,62.060001,62.080002,62.080002,1000600,-1.585288472
03-08-2022,62.299999,63.200001,61.970001,63.09,63.09,1155700,1.626929716
04-08-2022,62.369999,63.419998,61.759998,62.43,62.43,1383200,-1.046124584
05-08-2022,61.950001,63.32,61.310001,62.810001,62.810001,1878400,0.608683325
08-08-2022,64.260002,64.379997,63,63.07,63.07,655900,0.413945225
09-08-2022,62.91,63.34,62.799999,63.07,63.07,842900,0
10-08-2022,63.849998,65.580002,63.84,65.269997,65.269997,1479900,3.488182971
11-08-2022,65.25,65.309998,64.209999,65,65,1532300,-0.413661732
12-08-2022,65.169998,66.220001,64.82,66.169998,66.169998,1182800,1.799996923
15-08-2022,65.849998,65.970001,65.290001,65.760002,65.760002,1719600,-0.619610114
16-08-2022,65.940002,66.480003,64.709999,64.940002,64.940002,1298800,-1.2469586
17-08-2022,64.629997,64.830002,64.080002,64.610001,64.610001,861000,-0.508162904
18-08-2022,64.529999,64.779999,64.190002,64.620003,64.620003,994400,0.015480576
19-08-2022,63.529999,64.029999,62.779999,63.049999,63.049999,770000,-2.42959444
22-08-2022,61.689999,62.400002,61.669998,62.130001,62.130001,933800,-1.459156248
23-08-2022,62.029999,62.669998,61.900002,62.200001,62.200001,812600,0.112666987
24-08-2022,62.34,63.09,62.099998,62.849998,62.849998,552400,1.045011237
25-08-2022,62.43,62.959999,62.139999,62.75,62.75,1031400,-0.159105813
26-08-2022,63.119999,63.299999,61,61,61,506200,-2.788844622
29-08-2022,60.48,60.959999,60.400002,60.700001,60.700001,980000,-0.491801639
30-08-2022,62.810001,63.09,61.040001,61.34,61.34,1378000,1.054364068
31-08-2022,61.34,61.860001,61.049999,61.049999,61.049999,835600,-0.472776329
01-09-2022,61.029999,61.810001,60.810001,61.77,61.77,1490900,1.179362837
02-09-2022,62.330002,63.32,61.950001,61.98,61.98,891900,0.33997086
06-09-2022,62.5,62.959999,61.59,61.959999,61.959999,914000,-0.032270087
07-09-2022,61.639999,63.41,61.52,63.279999,63.279999,747800,2.130406748
08-09-2022,63.240002,64.510002,63.150002,64.400002,64.400002,980500,1.769916273
09-09-2022,64,64.650002,63.869999,64.449997,64.449997,930800,0.077631985
12-09-2022,64.699997,65.339996,64.410004,65.300003,65.300003,1100300,1.318861194
13-09-2022,64.690002,65.959999,64.510002,65.25,65.25,3664600,-0.076574269
14-09-2022,66.07,67.879997,65.5,67.82,67.82,2086200,3.938697318
15-09-2022,66.330002,67.25,65.360001,66.949997,66.949997,3034800,-1.282811855
16-09-2022,65.660004,66.279999,64.629997,64.919998,64.919998,1935000,-3.03211216
19-09-2022,65.330002,66.080002,65.120003,66.07,66.07,764900,1.771414103
20-09-2022,65.959999,66.5,65.260002,65.379997,65.379997,1312000,-1.044351445
21-09-2022,65.120003,65.220001,63.610001,63.84,63.84,1663900,-2.355455905
22-09-2022,63.07,63.450001,60.5,61.119999,61.119999,2396400,-4.260653195
23-09-2022,59.810001,60.419998,58.709999,58.970001,58.970001,3020000,-3.517666942
26-09-2022,58.389999,58.900002,57.889999,58.439999,58.439999,2408900,-0.898765459
27-09-2022,58.299999,58.790001,57.02,57.060001,57.060001,1667400,-2.361392922
28-09-2022,56.669998,57.98,56.189999,57.639999,57.639999,1746300,1.016470364
29-09-2022,56.560001,57.169998,56.099998,56.849998,56.849998,1313000,-1.370577748
30-09-2022,58.299999,58.970001,57.599998,58.419998,58.419998,1983300,2.761653571
03-10-2022,58.139999,58.950001,57.5,58.330002,58.330002,1223000,-0.154049988
04-10-2022,58.91,60.700001,58.91,60.43,60.43,1097600,3.600202174
05-10-2022,59.77,60.16,59.119999,59.900002,59.900002,1101200,-0.877044514
06-10-2022,59,59.700001,58.860001,59.389999,59.389999,889900,-0.851424012
07-10-2022,59.09,59.09,57.139999,57.450001,57.450001,1146500,-3.266539877
10-10-2022,57.700001,58.57,57.5,57.599998,57.599998,1415300,0.261091379
11-10-2022,56.990002,57.389999,56.360001,56.470001,56.470001,1874800,-1.961800415
12-10-2022,56.84,57.59,56.639999,56.869999,56.869999,1088500,0.708337158
13-10-2022,55.380001,57.889999,55.220001,57.650002,57.650002,1076200,1.371554446
14-10-2022,58.549999,59.41,57.959999,57.970001,57.970001,1752900,0.555071967
